Tarih,Hisse,open,high,low,close,volume,YuksekKapanis_Fark,AcilisKapanis_Fark,AcilisKapanisFark_Ort,AcilisKapanisFark_OrtalamayaGoreDegisim,AcilisKapanisFarkOrt_MaxSon10,HacimOrtalama,%Hacim_HacimOrtalama,Fark_Orani,Kosul,rsi,Tarih1,%Deg,isPivot,pointpos,destek,direnc,Tsinyal_Banker_Dip,Tsinyal_Banker_DipKarar
03-03-2025 09:00,KTLEV,61.4,65.0,59.2,64.65,9212287.0,0.35,3.25,0.61,437.19,3.25,3909762.1,135.62,0.11,True,62.32,2025-03-03,6.16,0,,56.6,68.15,False,False
03-03-2025 09:00,AKBNK,68.25,74.0,68.2,73.0,189115602.0,1.0,4.75,0.66,614.29,4.75,90792855.8,108.29,0.21,True,73.17,2025-03-03,8.47,0,,61.6,ATH,False,False
03-03-2025 09:00,ASELS,94.0,99.55,93.55,98.05,78386555.0,1.5,4.05,1.45,178.35,4.05,52097905.3,50.46,0.37,True,74.33,2025-03-03,4.92,0,,77.25,ATH,False,False
03-03-2025 09:00,PINSU,6.6,7.18,6.51,7.02,6903904.0,0.16,0.42,0.06,588.52,0.42,1976253.7,249.34,0.38,True,66.83,2025-03-03,6.04,0,,6.32,7.07,False,False
03-03-2025 09:00,AKYHO,3.43,3.85,3.33,3.85,14756900.0,0.0,0.42,0.06,546.15,0.42,7584566.6,94.56,0.0,True,74.87,2025-03-03,10.0,0,,2.4,ATH,False,False
03-03-2025 09:00,BRMEN,4.54,4.8,4.54,4.8,415799.0,0.0,0.26,0.01,1900.0,0.26,174592.9,138.15,0.0,True,45.46,2025-03-03,5.49,0,,4.67,5.4,True,True
03-03-2025 09:00,SEGMN,20.92,21.96,20.56,21.78,2341475.0,0.18,0.86,0.12,616.67,0.86,1385430.0,69.01,0.21,True,62.7,2025-03-03,4.11,0,,21.02,25.14,False,False
03-03-2025 09:00,TGSAS,54.8,60.2,53.05,60.2,167741.0,0.0,5.4,0.45,1086.81,5.4,70211.6,138.91,0.0,True,61.6,2025-03-03,9.85,0,,60.1,63.9,True,True
03-03-2025 09:00,MARBL,11.69,12.1,11.55,12.05,5635082.0,0.05,0.36,0.0,8900.0,0.36,2553700.6,120.66,0.14,True,53.06,2025-03-03,4.33,0,,11.37,12.15,True,True
03-03-2025 09:00,MTRKS,19.51,21.28,19.35,20.86,3878889.0,0.42,1.35,0.16,723.17,1.35,1062446.6,265.09,0.31,True,61.09,2025-03-03,7.8,0,,16.63,23.36,True,False
28-02-2025 09:00,ALCTL,136.3,148.2,135.2,147.8,823443.0,0.4,11.5,0.54,2029.63,11.5,507287.0,62.32,0.03,True,61.83,2025-02-28,8.92,0,,130.2,148.1,False,False
28-02-2025 09:00,DMRGD,12.4,13.62,12.35,13.62,6131232.0,0.0,1.22,0.09,1318.6,1.22,2649701.9,131.39,0.0,True,66.64,2025-02-28,9.93,0,,12.14,13.99,False,False
28-02-2025 09:00,ODINE,153.2,167.3,153.2,167.2,4564292.0,0.1,14.0,2.05,582.93,14.0,1672936.1,172.83,0.01,True,76.13,2025-02-28,9.28,0,,109.6,ATH,False,False
28-02-2025 09:00,BEGYO,10.0,10.91,9.91,10.75,37355715.0,0.16,0.75,0.15,410.2,0.75,21016524.8,77.74,0.21,True,85.3,2025-02-28,8.04,0,,6.68,ATH,False,False
28-02-2025 09:00,KIMMR,10.91,11.49,10.84,11.44,6677292.0,0.05,0.53,0.04,1161.9,0.53,2555306.7,161.31,0.09,True,63.51,2025-02-28,5.44,0,,9.97,11.53,False,False
28-02-2025 09:00,SURGY,39.62,42.9,39.62,42.28,2528847.0,0.62,2.66,0.26,923.08,2.66,1457861.3,73.46,0.23,True,55.64,2025-02-28,6.82,0,,40.92,47.8,True,True
28-02-2025 09:00,LIDER,143.6,154.0,143.6,153.9,229471.0,0.1,10.3,1.28,704.69,10.3,148594.7,54.43,0.01,True,61.17,2025-02-28,5.92,0,,134.0,157.0,False,False
27-02-2025 09:00,ALMAD,7.45,8.02,7.45,7.87,6446562.0,0.15,0.42,0.03,1100.0,0.42,3338833.3,93.08,0.36,True,55.72,2025-02-27,5.92,0,,6.99,8.15,False,False
26-02-2025 09:00,FORTE,58.0,63.0,58.0,62.0,2379589.0,1.0,4.0,0.63,534.92,4.0,941685.7,152.69,0.25,True,65.84,2025-02-26,6.9,0,,50.85,63.95,False,False
26-02-2025 09:00,DARDL,4.48,4.91,4.46,4.91,34538712.0,0.0,0.43,0.0,21400.0,0.43,7648544.2,351.57,0.0,True,52.09,2025-02-26,9.84,0,,4.81,5.45,True,True
26-02-2025 09:00,ENTRA,7.6,8.3,7.48,8.24,60785047.0,0.06,0.64,0.04,1354.55,0.64,17468115.1,247.98,0.09,True,62.36,2025-02-26,9.14,0,,7.4,9.11,True,False
26-02-2025 09:00,IHGZT,1.56,1.67,1.52,1.66,141908617.0,0.01,0.1,0.01,900.0,0.1,84176952.4,68.58,0.1,True,64.89,2025-02-26,6.41,0,,1.27,1.68,False,False
25-02-2025 09:00,DOBUR,232.8,255.5,230.4,255.0,2037570.0,0.5,22.2,6.54,239.45,22.2,992311.1,105.34,0.02,True,82.17,2025-02-25,9.72,0,,166.5,ATH,False,False
25-02-2025 09:00,AKSUE,10.93,11.8,10.88,11.8,1749598.0,0.0,0.87,0.12,607.32,0.87,403394.9,333.72,0.0,True,65.22,2025-02-25,7.96,0,,10.22,12.09,False,False
25-02-2025 09:00,INDES,7.66,8.08,7.65,8.07,14665237.0,0.01,0.41,0.03,1105.88,0.41,6524726.2,124.76,0.02,True,57.83,2025-02-25,5.35,0,,7.45,8.22,False,False
25-02-2025 09:00,SELGD,47.02,51.55,46.1,51.5,296788.0,0.05,4.48,0.31,1335.9,4.48,102791.2,188.73,0.01,True,63.72,2025-02-25,9.81,0,,46.5,52.5,False,False
24-02-2025 09:00,TEKTU,3.97,4.29,3.97,4.25,12499914.0,0.04,0.28,0.01,2233.33,0.28,7045268.2,77.42,0.14,True,53.97,2025-02-24,8.14,0,,3.85,4.76,True,True
24-02-2025 09:00,CUSAN,21.68,23.2,21.68,23.02,742730.0,0.18,1.34,0.02,6600.0,1.34,289647.7,156.43,0.13,True,49.73,2025-02-24,6.97,0,,20.62,27.2,True,True
24-02-2025 09:00,DAGI,6.02,6.62,5.95,6.62,19744178.0,0.0,0.6,0.11,433.01,0.6,10035272.22,96.75,0.0,True,75.0,2025-02-24,9.97,0,,4.87,ATH,False,False
24-02-2025 09:00,PRDGS,4.94,5.26,4.93,5.19,10575668.0,0.07,0.25,0.01,1823.08,0.25,6998809.0,51.11,0.28,True,53.73,2025-02-24,5.06,0,,4.8,5.96,True,True
24-02-2025 09:00,SUNTK,40.44,43.2,40.14,42.76,2732330.0,0.44,2.32,0.48,383.33,2.32,1392702.8,96.19,0.19,True,71.6,2025-02-24,6.1,0,,33.9,ATH,False,False
24-02-2025 09:00,BMSTL,35.04,36.86,35.0,36.4,3436782.0,0.46,1.36,0.28,382.27,1.36,2233442.4,53.88,0.34,True,81.78,2025-02-24,4.18,0,,27.58,ATH,False,False
24-02-2025 09:00,PRKME,19.06,20.9,19.03,20.9,1385623.0,0.0,1.84,0.08,2090.48,1.84,737392.3,87.91,0.0,True,56.07,2025-02-24,10.0,0,,19.62,25.32,True,True
24-02-2025 09:00,BYDNR,21.26,23.36,21.26,23.36,1267892.0,0.0,2.1,0.05,4275.0,2.1,292123.8,334.03,0.0,True,52.91,2025-02-24,9.98,0,,21.66,27.28,True,True
24-02-2025 09:00,KZBGY,5.4,5.73,5.32,5.67,18304633.0,0.06,0.27,0.01,2150.0,0.27,6278888.2,191.53,0.22,True,53.5,2025-02-24,7.39,0,,5.2,5.78,True,False
24-02-2025 09:00,EUHOL,8.36,9.02,8.36,9.01,2358564.0,0.01,0.65,0.14,377.94,0.65,718574.1,228.23,0.02,True,67.63,2025-02-24,9.88,0,,7.03,9.5,False,False
24-02-2025 09:00,OZATD,100.8,108.0,100.5,106.2,6150704.0,1.8,5.4,0.9,496.69,5.4,3271407.0,88.01,0.33,True,73.76,2025-02-24,6.2,0,,88.05,ATH,False,False
24-02-2025 09:00,ANELE,13.93,15.18,13.93,15.13,1577933.0,0.05,1.2,0.14,757.14,1.2,500113.3,215.52,0.04,True,61.23,2025-02-24,8.85,0,,13.65,16.46,True,False
24-02-2025 09:00,MEKAG,43.42,44.98,42.86,44.98,847347.0,0.0,1.56,0.08,1757.14,1.56,457740.2,85.12,0.0,True,59.01,2025-02-24,3.78,0,,39.96,45.08,False,False
24-02-2025 09:00,ESEN,31.1,34.1,31.1,34.1,7900917.0,0.0,3.0,0.57,428.17,3.0,4378367.9,80.45,0.0,True,76.68,2025-02-24,10.0,0,,26.7,ATH,False,False
21-02-2025 09:00,BINBN,104.3,113.3,104.3,112.9,1930084.0,0.4,8.6,1.11,674.77,8.6,1005396.4,91.97,0.05,True,69.96,2025-02-21,8.25,0,,95.05,139.3,False,False
20-02-2025 09:00,MANAS,8.9,9.42,8.64,9.42,3745870.0,0.0,0.52,0.06,752.46,0.52,1739940.2,115.29,0.0,True,58.57,2025-02-20,3.97,0,,8.44,9.43,False,False
20-02-2025 09:00,RYSAS,18.29,19.26,17.42,19.06,3373037.0,0.2,0.77,0.02,3750.0,0.77,2154000.3,56.59,0.26,True,45.48,2025-02-20,4.21,0,,11.75,24.5,True,True
20-02-2025 09:00,SASA,3.48,3.68,3.47,3.64,1268326900.0,0.04,0.16,0.01,3100.0,0.16,605599942.0,109.43,0.25,True,48.52,2025-02-20,4.9,0,,3.42,4.44,True,False
20-02-2025 09:00,EFORC,69.25,72.05,68.1,71.6,2536292.0,0.45,2.35,0.58,308.7,2.35,1687915.9,50.26,0.19,True,74.23,2025-02-20,3.39,0,,36.2,ATH,False,False
20-02-2025 09:00,GEREL,8.11,8.83,8.1,8.64,11803797.0,0.19,0.53,0.01,5200.0,0.53,4237639.1,178.55,0.36,True,44.39,2025-02-20,6.67,0,,8.1,11.18,True,True
20-02-2025 09:00,ECZYT,185.9,191.2,185.7,191.1,248005.0,0.1,5.2,0.17,2958.82,5.2,154533.5,60.49,0.02,True,53.21,2025-02-20,2.8,0,,181.0,203.8,True,False
20-02-2025 09:00,PRKAB,30.14,31.48,30.12,31.12,1521856.0,0.36,0.98,0.1,842.31,0.98,554015.4,174.7,0.37,True,59.56,2025-02-20,3.05,0,,29.38,32.26,True,True
20-02-2025 09:00,POLHO,11.23,11.79,11.2,11.74,5321738.0,0.05,0.51,0.05,1008.7,0.51,2496187.4,113.19,0.1,True,59.76,2025-02-20,4.63,0,,10.55,13.45,True,False
20-02-2025 09:00,KERVN,2.05,2.2,2.05,2.2,1220651.0,0.0,0.15,0.02,581.82,0.15,590860.2,106.59,0.0,True,58.58,2025-02-20,10.0,0,,1.97,2.47,True,True
20-02-2025 09:00,ULUFA,15.02,16.72,15.02,16.6,3326129.0,0.12,1.58,0.03,4996.77,1.58,1281314.6,159.59,0.08,True,52.18,2025-02-20,8.64,0,,15.32,18.45,False,False
20-02-2025 09:00,MEGAP,2.26,2.6,2.26,2.56,1267078.0,0.04,0.3,0.02,1775.0,0.3,787021.2,61.0,0.13,True,40.84,2025-02-20,4.07,0,,2.44,3.22,False,False
19-02-2025 09:00,GENIL,115.1,127.2,115.0,125.0,3269409.0,2.2,9.9,1.07,825.23,9.9,652884.6,400.76,0.22,True,65.98,2025-02-19,8.04,0,,110.6,ATH,False,False
19-02-2025 09:00,GRTHO,212.1,230.0,210.9,228.5,1989457.0,1.5,16.4,5.01,227.35,16.4,894717.6,122.36,0.09,True,80.77,2025-02-19,8.35,0,,150.4,ATH,False,False
19-02-2025 09:00,ALTIN,35.59,36.35,35.59,36.22,47761117.0,0.13,0.63,0.03,2233.33,0.63,28668801.9,66.6,0.21,True,77.66,2025-02-19,1.8,0,,30.18,ATH,False,False
19-02-2025 09:00,LRSHO,2.03,2.24,2.02,2.24,35928892.0,0.0,0.21,0.02,1212.5,0.21,19332734.1,85.84,0.0,True,58.85,2025-02-19,9.8,0,,2.0,2.42,True,True
19-02-2025 09:00,BAHKM,46.52,48.5,46.52,47.96,1792619.0,0.54,1.44,0.29,389.8,1.44,917531.2,95.37,0.38,True,59.58,2025-02-19,3.5,0,,42.9,52.15,False,False
19-02-2025 09:00,SEYKM,2.91,3.21,2.88,3.16,6086775.0,0.05,0.25,0.03,681.25,0.25,2039764.1,198.41,0.2,True,56.53,2025-02-19,7.12,0,,2.76,4.08,True,False
18-02-2025 09:00,AKSA,11.3,12.01,11.17,11.95,45235377.0,0.06,0.65,0.04,1525.0,0.65,17106326.0,164.44,0.09,True,60.25,2025-02-18,3.46,2,11.17,11.17,13.34,False,False
18-02-2025 09:00,FROTO,910.5,939.5,907.5,934.5,2588498.0,5.0,24.0,2.55,841.18,24.0,1424346.7,81.73,0.21,True,53.82,2025-02-18,2.98,0,,879.0,958.0,False,False
18-02-2025 09:00,TMPOL,82.75,90.65,81.7,90.1,352578.0,0.55,7.35,0.41,1692.68,7.35,189004.8,86.54,0.07,True,59.13,2025-02-18,8.75,0,,77.05,92.1,False,False
18-02-2025 09:00,GUNDG,52.5,57.25,51.2,57.25,3159490.0,0.0,4.75,0.18,2538.89,4.75,1255258.1,151.7,0.0,True,57.12,2025-02-18,9.99,0,,49.68,66.0,True,True
18-02-2025 09:00,ERSU,15.03,16.28,15.0,16.22,1229323.0,0.06,1.19,0.0,29650.0,1.19,427278.9,187.71,0.05,True,46.59,2025-02-18,7.92,0,,ATL,18.8,True,True
18-02-2025 09:00,SAFKR,58.1,61.5,58.1,61.45,1952146.0,0.05,3.35,0.43,679.07,3.35,747521.0,161.15,0.01,True,61.17,2025-02-18,5.77,0,,55.4,64.75,False,False
18-02-2025 09:00,TLMAN,94.25,98.65,93.9,98.0,667651.0,0.65,3.75,0.43,762.07,3.75,350251.5,90.62,0.17,True,60.83,2025-02-18,4.14,0,,86.3,98.95,False,False
17-02-2025 09:00,DAGHL,14.7,16.34,14.62,16.34,750965.0,0.0,1.64,0.16,944.59,1.64,250670.6,199.58,0.0,True,61.37,2025-02-17,9.96,0,,14.3,17.97,True,True
17-02-2025 09:00,MACKO,105.0,114.0,105.0,112.2,214372.0,1.8,7.2,0.28,2471.43,7.2,98191.9,118.32,0.25,True,58.77,2025-02-17,6.86,0,,103.9,114.1,False,False
17-02-2025 09:00,CEMTS,9.47,9.93,9.44,9.83,7917323.0,0.1,0.36,0.07,393.15,0.36,2869153.1,175.95,0.28,True,66.64,2025-02-17,4.02,0,,8.5,ATH,False,False
17-02-2025 09:00,EUREN,4.15,4.48,4.13,4.39,56639373.0,0.09,0.24,0.01,3900.0,0.24,18719972.0,202.56,0.38,True,54.45,2025-02-17,5.78,0,,4.03,5.1,True,True
17-02-2025 09:00,ARENA,38.4,42.12,38.4,42.12,5194920.0,0.0,3.72,0.46,705.19,3.72,2686962.7,93.34,0.0,True,70.25,2025-02-17,9.97,0,,32.76,ATH,False,False
17-02-2025 09:00,PEKGY,1.58,1.72,1.57,1.72,623496560.0,0.0,0.14,0.03,382.76,0.14,312899788.2,99.26,0.0,True,62.45,2025-02-17,9.55,0,,1.28,1.77,False,False
14-02-2025 09:00,MAGEN,23.2,25.5,23.08,24.96,11978476.0,0.54,1.76,0.15,1057.89,1.76,3953024.1,203.02,0.31,True,69.06,2025-02-14,6.94,0,,22.06,ATH,False,False
14-02-2025 09:00,EDATA,4.32,4.78,4.3,4.78,30800288.0,0.0,0.46,0.03,1548.24,0.46,9216884.78,234.17,0.0,True,59.93,2025-02-14,9.89,0,,4.22,5.14,False,False
14-02-2025 09:00,ISKPL,20.66,22.8,20.66,22.34,3908159.0,0.46,1.68,0.19,765.98,1.68,2266878.9,72.4,0.27,True,66.15,2025-02-14,7.3,0,,18.46,ATH,False,False
14-02-2025 09:00,DMSAS,9.15,10.01,9.03,10.01,8614664.0,0.0,0.86,0.03,2357.14,0.86,4042255.6,113.12,0.0,True,65.43,2025-02-14,10.0,0,,6.1,ATH,False,False
13-02-2025 09:00,SOKE,11.4,12.55,11.39,12.55,7726579.0,0.0,1.15,0.06,1785.25,1.15,1772687.7,335.87,0.0,True,60.22,2025-02-13,9.99,0,,11.11,13.58,True,False
13-02-2025 09:00,AKCNS,201.3,208.5,200.4,207.8,1244694.0,0.7,6.5,0.16,3962.5,6.5,513471.8,142.41,0.11,True,63.75,2025-02-13,3.43,0,,170.7,217.8,False,False
13-02-2025 09:00,BURVA,98.5,108.7,97.25,108.7,131762.0,0.0,10.2,0.17,6081.82,10.2,44293.4,197.48,0.0,True,55.96,2025-02-13,9.96,0,,97.0,127.0,True,True
12-02-2025 09:00,DERIM,35.0,38.5,34.54,38.5,2310466.0,0.0,3.5,0.46,664.19,3.5,548057.7,321.57,0.0,True,58.43,2025-02-12,10.0,0,,32.48,41.74,False,False
12-02-2025 09:00,TCKRC,34.96,37.24,34.9,36.98,8640903.0,0.26,2.02,0.21,861.9,2.02,4061435.4,112.75,0.13,True,68.8,2025-02-12,5.96,0,,30.12,ATH,False,False
12-02-2025 09:00,HUBVC,2.13,2.3,2.06,2.27,6401147.0,0.03,0.14,0.03,337.5,0.14,2702812.0,136.83,0.21,True,56.64,2025-02-12,8.1,1,2.3,1.95,2.3,True,False
12-02-2025 09:00,PASEU,32.96,34.5,32.42,34.5,14672635.0,0.0,1.54,0.16,887.18,1.54,4675187.9,213.84,0.0,True,65.29,2025-02-12,4.74,0,,30.9,36.6,False,False
11-02-2025 09:00,YAYLA,20.22,21.46,20.16,21.28,2005937.0,0.18,1.06,0.12,790.76,1.06,729469.9,174.99,0.17,True,68.42,2025-02-11,5.35,0,,19.4,21.7,False,False
11-02-2025 09:00,BIOEN,15.04,16.23,14.7,16.1,8338684.0,0.13,1.06,0.08,1192.68,1.06,2764804.4,201.6,0.12,True,59.51,2025-02-11,7.05,0,,13.87,18.16,True,False
11-02-2025 09:00,SMRVA,27.92,30.64,27.84,30.3,10153407.0,0.34,2.38,0.24,883.47,2.38,4092371.5,148.11,0.14,True,72.39,2025-02-11,8.76,0,,26.94,ATH,False,False
11-02-2025 09:00,ELITE,37.96,40.32,37.76,39.94,3328940.0,0.38,1.98,0.41,382.93,1.98,1584310.4,110.12,0.19,True,65.75,2025-02-11,5.49,0,,34.54,40.36,False,False
11-02-2025 09:00,TRILC,18.05,19.85,17.95,19.85,33756386.0,0.0,1.8,0.1,1700.0,1.8,11068914.3,204.97,0.0,True,66.6,2025-02-11,9.97,0,,16.62,21.48,False,False
11-02-2025 09:00,BIGCH,30.86,33.32,30.58,33.28,6010190.0,0.04,2.42,0.21,1074.76,2.42,2826857.2,112.61,0.02,True,66.51,2025-02-11,9.11,0,,26.6,ATH,False,False
11-02-2025 09:00,SKYMD,22.8,24.78,22.8,24.78,17547708.0,0.0,1.98,0.97,103.7,1.98,9835036.0,78.42,0.0,True,85.2,2025-02-11,9.94,0,,12.45,ATH,False,False
11-02-2025 09:00,KAYSE,19.12,20.0,19.05,19.95,7083245.0,0.05,0.83,0.09,802.17,0.83,2991659.5,136.77,0.06,True,61.5,2025-02-11,4.45,0,,17.18,21.42,True,False
11-02-2025 09:00,IHEVA,2.45,2.7,2.37,2.7,11016622.0,0.0,0.25,0.04,541.03,0.25,4193720.5,162.69,0.0,True,59.71,2025-02-11,9.76,0,,2.17,3.05,True,False
10-02-2025 09:00,EKSUN,6.31,6.77,6.31,6.74,8458607.0,0.03,0.43,0.04,1002.56,0.43,3769806.3,124.38,0.07,True,59.12,2025-02-10,6.65,0,,5.91,7.96,True,True
10-02-2025 09:00,ALKLC,26.54,29.18,26.54,29.18,16556913.0,0.0,2.64,0.2,1206.93,2.64,6009538.0,175.51,0.0,True,54.71,2025-02-10,9.95,0,,24.7,37.8,True,True
10-02-2025 09:00,KLNMA,8.19,8.69,8.19,8.68,515451.65,0.01,0.49,0.04,1254.84,0.49,331701.54,55.4,0.01,True,68.49,2025-02-10,7.05,1,8.69,7.58,8.69,False,False
10-02-2025 09:00,TDGYO,18.22,19.88,18.22,19.88,3048982.0,0.0,1.66,0.54,205.15,1.66,1714336.2,77.85,0.0,True,86.34,2025-02-10,9.11,0,,10.65,ATH,False,False
07-02-2025 09:00,TEZOL,17.7,18.66,17.53,18.62,9171431.0,0.04,0.92,0.16,467.9,0.92,4806702.9,90.81,0.04,True,67.3,2025-02-07,5.68,0,,15.87,ATH,False,False
07-02-2025 09:00,ICUGS,27.58,30.02,27.46,29.94,1787656.0,0.08,2.36,0.19,1116.49,2.36,714229.8,150.29,0.03,True,62.06,2025-02-07,8.56,0,,26.0,31.6,False,False
07-02-2025 09:00,KRVGD,2.24,2.46,2.23,2.41,80391080.0,0.05,0.17,0.02,639.13,0.17,30127449.1,166.84,0.29,True,64.34,2025-02-07,7.59,0,,2.0,2.44,False,False
07-02-2025 09:00,HATEK,16.5,17.1,16.24,17.09,1141071.0,0.01,0.59,0.13,353.85,0.59,604364.6,88.81,0.02,True,86.52,2025-02-07,3.95,0,,11.4,ATH,False,False
07-02-2025 09:00,CEOEM,27.9,30.38,27.04,30.1,6384681.0,0.28,2.2,0.3,628.48,2.2,3129518.8,104.01,0.13,True,66.1,2025-02-07,8.98,0,,24.46,35.92,True,False
07-02-2025 09:00,KRDMD,27.18,28.96,27.12,28.86,111774479.0,0.1,1.68,0.21,700.0,1.68,60432930.1,84.96,0.06,True,62.38,2025-02-07,6.34,1,28.96,25.88,28.96,False,False
07-02-2025 09:00,KRDMB,23.88,26.22,23.88,26.18,5262926.0,0.04,2.3,0.16,1302.44,2.3,2087587.8,152.11,0.02,True,65.68,2025-02-07,9.63,0,,22.64,26.8,False,False
07-02-2025 09:00,GRSEL,214.5,229.9,214.2,227.2,1122120.0,2.7,12.7,2.67,375.66,12.7,682024.8,64.53,0.21,True,72.91,2025-02-07,6.17,0,,187.6,ATH,False,False
06-02-2025 09:00,PAGYO,61.05,64.35,61.05,64.3,151864.0,0.05,3.25,0.05,6400.0,3.25,73194.1,107.48,0.02,True,53.98,2025-02-06,5.32,0,,60.2,65.0,True,True
06-02-2025 09:00,MTRYO,6.8,7.48,6.8,7.48,1201012.0,0.0,0.68,0.03,2515.38,0.68,328745.0,265.33,0.0,True,56.41,2025-02-06,10.0,0,,6.94,8.45,True,True
06-02-2025 09:00,IZENR,4.67,4.95,4.66,4.87,22879466.0,0.08,0.2,0.02,900.0,0.2,10539602.3,117.08,0.4,True,61.42,2025-02-06,4.73,0,,4.2,5.1,False,False
04-02-2025 09:00,ESCAR,46.5,48.2,46.02,48.02,957142.0,0.18,1.52,0.14,955.56,1.52,528305.2,81.17,0.12,True,67.22,2025-02-04,3.85,0,,43.42,49.48,False,False
04-02-2025 09:00,TSKB,13.62,13.9,13.36,13.83,23847470.0,0.07,0.21,0.04,377.27,0.21,15280025.0,56.07,0.33,True,63.73,2025-02-04,1.84,1,13.9,11.92,13.9,False,False
04-02-2025 09:00,RNPOL,25.24,27.76,25.24,27.62,450876.0,0.14,2.38,0.15,1486.67,2.38,226789.8,98.81,0.06,True,54.92,2025-02-04,9.43,0,,23.84,31.04,False,False
04-02-2025 09:00,GEDZA,36.32,38.3,36.14,38.0,1736887.0,0.3,1.68,0.47,254.43,1.68,1079492.4,60.9,0.18,True,79.12,2025-02-04,4.74,0,,18.7,ATH,False,False
03-02-2025 09:00,TOASO,220.5,230.2,220.1,230.2,11272553.0,0.0,9.7,1.51,542.38,9.7,7083092.2,59.15,0.0,True,67.62,2025-02-03,3.46,1,230.2,195.0,ATH,False,False
31-01-2025 09:00,YGGYO,65.7,68.95,65.45,68.95,295168.0,0.0,3.25,0.43,655.81,3.25,113123.2,160.93,0.0,True,72.1,2025-01-31,4.31,0,,59.45,ATH,False,False
31-01-2025 09:00,FORMT,4.97,5.88,4.97,5.65,56837440.0,0.23,0.68,0.0,67900.0,0.68,17017695.3,233.99,0.34,True,32.25,2025-01-31,5.21,0,,5.56,8.04,False,False
31-01-2025 09:00,BJKAS,4.67,5.19,4.55,5.15,85939998.0,0.04,0.48,0.02,2566.67,0.48,28545831.6,201.06,0.08,True,62.99,2025-01-31,9.11,0,,4.62,5.58,False,False
31-01-2025 09:00,KAPLM,164.6,180.9,162.9,180.9,235200.0,0.0,16.3,0.43,3690.7,16.3,96361.6,144.08,0.0,True,51.21,2025-01-31,9.97,2,162.9,162.9,226.9,True,True
30-01-2025 09:00,KONKA,40.3,41.82,39.8,41.46,1374584.0,0.36,1.16,0.06,1712.5,1.16,663585.5,107.14,0.31,True,58.09,2025-01-30,2.88,0,,38.88,43.0,False,False
30-01-2025 09:00,OBAMS,56.55,61.9,56.2,61.25,9432937.0,0.65,4.7,0.96,389.58,4.7,4684534.4,101.36,0.14,True,70.78,2025-01-30,8.41,0,,48.42,ATH,False,False
30-01-2025 09:00,BERA,15.62,17.14,15.62,17.04,34272420.0,0.1,1.42,0.08,1768.42,1.42,14519514.7,136.04,0.07,True,61.88,2025-01-30,9.3,0,,15.1,ATH,False,False
29-01-2025 09:00,MGROS,556.0,583.5,553.0,580.0,2952833.0,3.5,24.0,4.1,485.37,24.0,1594685.3,85.17,0.15,True,70.07,2025-01-29,4.6,0,,523.5,ATH,False,False
29-01-2025 09:00,LIDFA,3.0,3.18,2.98,3.15,22151555.0,0.03,0.15,0.02,689.47,0.15,7317879.0,202.7,0.2,True,58.06,2025-01-29,5.0,0,,2.9,3.19,False,False
29-01-2025 09:00,IHYAY,3.25,3.57,3.24,3.57,52485885.0,0.0,0.32,0.01,3455.56,0.32,12677058.1,314.02,0.0,True,49.42,2025-01-29,9.85,0,,ATL,6.02,True,True
29-01-2025 09:00,BIMAS,522.5,555.0,522.5,546.5,16127248.0,8.5,24.0,2.1,1042.86,24.0,6263456.5,157.48,0.35,True,64.85,2025-01-29,4.59,0,,500.5,551.5,False,False
29-01-2025 09:00,MARKA,45.6,50.05,45.2,50.05,474584.0,0.0,4.45,0.18,2331.69,4.45,230224.1,106.14,0.0,True,48.53,2025-01-29,10.0,0,,45.02,63.55,True,True
29-01-2025 09:00,TRCAS,27.96,30.66,27.96,30.3,6202882.0,0.36,2.34,0.43,444.19,2.34,2948174.4,110.4,0.15,True,68.51,2025-01-29,8.37,1,30.66,24.0,30.66,False,False
28-01-2025 09:00,EUPWR,36.7,37.92,36.36,37.88,21593870.0,0.04,1.18,0.21,451.4,1.18,6650195.6,224.71,0.03,True,73.12,2025-01-28,9.86,0,,32.38,38.28,False,False
28-01-2025 09:00,HOROZ,63.75,66.85,63.2,66.8,2466577.0,0.05,3.05,0.3,900.0,3.05,1486353.3,65.95,0.02,True,56.05,2025-01-28,4.95,0,,60.9,76.25,False,False
28-01-2025 09:00,SMRTG,39.86,43.22,39.86,42.68,15039599.0,0.54,2.82,0.11,2511.11,2.82,4713754.3,219.06,0.19,True,61.0,2025-01-28,8.6,0,,39.78,44.56,False,False
28-01-2025 09:00,GLRYH,3.09,3.24,3.04,3.23,30588940.0,0.01,0.14,0.04,254.13,0.14,19398268.12,57.69,0.07,True,66.84,2025-01-28,3.86,0,,2.71,3.41,False,False
28-01-2025 09:00,IHAAS,15.96,17.55,15.77,17.55,5231365.0,0.0,1.59,0.08,1770.59,1.59,1847706.6,183.13,0.0,True,56.76,2025-01-28,9.96,0,,15.75,19.2,True,True
28-01-2025 09:00,DOHOL,14.24,14.47,14.09,14.47,33428046.0,0.0,0.23,0.04,521.62,0.23,21943936.3,52.33,0.0,True,50.23,2025-01-28,1.83,0,,13.81,15.85,False,False
28-01-2025 09:00,KFEIN,109.5,115.9,106.5,115.4,1413924.0,0.5,5.9,1.98,197.98,5.9,897338.1,57.57,0.08,True,81.34,2025-01-28,5.39,0,,84.05,ATH,False,False
27-01-2025 09:00,PKART,76.75,84.35,76.3,84.35,1024662.0,0.0,7.6,1.25,508.0,7.6,503261.8,103.6,0.0,True,75.17,2025-01-27,9.97,0,,66.15,ATH,False,False
27-01-2025 09:00,SMART,33.0,36.22,33.0,36.22,7334126.0,0.0,3.22,0.68,376.33,3.22,2883496.9,154.35,0.0,True,82.65,2025-01-27,9.96,0,,27.8,ATH,False,False
24-01-2025 09:00,ZRGYO,13.81,15.1,13.78,14.87,10794930.0,0.23,1.06,0.17,512.72,1.06,2266817.4,376.22,0.22,True,74.79,2025-01-24,7.68,0,,12.6,ATH,False,False
24-01-2025 09:00,VKFYO,19.5,20.78,19.4,20.78,1104189.0,0.0,1.28,0.1,1192.93,1.28,193639.0,470.23,0.0,True,68.29,2025-01-24,9.95,1,20.78,17.68,22.12,True,False
24-01-2025 09:00,LMKDC,33.2,34.92,33.08,34.72,20493920.0,0.2,1.52,0.11,1281.82,1.52,12460931.4,64.47,0.13,True,64.99,2025-01-24,4.7,0,,24.62,35.18,False,False
24-01-2025 09:00,FRIGO,7.96,8.74,7.96,8.74,18908825.0,0.0,0.78,0.03,2194.12,0.78,4187669.7,351.54,0.0,True,65.16,2025-01-24,9.94,0,,7.75,8.76,False,False
24-01-2025 09:00,ULUSE,164.5,174.0,163.0,171.5,194712.0,2.5,7.0,0.08,8650.0,7.0,83837.3,132.25,0.36,True,55.64,2025-01-24,4.26,1,174.0,159.6,174.0,True,True
24-01-2025 09:00,OYLUM,8.25,8.84,8.2,8.84,2134450.0,0.0,0.59,0.03,2169.23,0.59,635696.3,235.77,0.0,True,60.79,2025-01-24,7.15,0,,8.06,9.55,True,True
24-01-2025 09:00,KBORU,79.15,81.5,78.45,81.5,1465721.0,0.0,2.35,0.01,23400.0,2.35,972984.3,50.64,0.0,True,56.61,2025-01-24,2.84,0,,77.4,85.2,False,False
24-01-2025 09:00,KUTPO,79.5,81.9,78.05,81.55,410202.0,0.35,2.05,0.06,3316.67,2.05,250568.2,63.71,0.17,True,59.37,2025-01-24,2.07,0,,76.0,83.6,False,False
24-01-2025 09:00,METRO,2.67,2.8,2.65,2.78,21089136.0,0.02,0.11,0.02,450.0,0.11,12464371.4,69.2,0.18,True,61.76,2025-01-24,4.12,0,,2.45,3.33,True,True
24-01-2025 09:00,AFYON,15.45,16.01,15.33,15.9,13136022.0,0.11,0.45,0.03,1306.25,0.45,7891382.0,66.46,0.24,True,63.07,2025-01-24,3.11,1,16.01,14.71,16.01,False,False
23-01-2025 09:00,TTKOM,47.38,49.42,47.3,49.02,69777898.0,0.4,1.64,0.14,1054.93,1.64,34288526.1,103.5,0.24,True,66.57,2025-01-23,3.72,0,,43.14,49.08,False,False
23-01-2025 09:00,RAYSG,670.0,748.0,670.0,748.0,647776.0,0.0,78.0,19.2,306.25,78.0,244454.5,164.99,0.0,True,84.31,2025-01-23,10.0,0,,378.75,ATH,False,False
23-01-2025 09:00,BRKSN,24.66,26.92,24.54,26.88,5578745.0,0.04,2.22,0.15,1341.56,2.22,1058356.9,427.11,0.02,True,68.45,2025-01-23,9.8,0,,23.46,27.1,False,False
22-01-2025 09:00,ENJSA,61.6,63.6,61.4,63.45,11282257.0,0.15,1.85,0.24,687.23,1.85,4665067.9,141.85,0.08,True,59.7,2025-01-22,3.0,0,,57.7,64.0,False,False
22-01-2025 09:00,BVSAN,95.7,104.7,95.2,104.7,1915882.0,0.0,9.0,0.97,832.64,9.0,625639.8,206.23,0.0,True,75.38,2025-01-22,9.98,0,,87.9,ATH,False,False
22-01-2025 09:00,BAYRK,18.4,20.38,18.3,20.38,10829412.0,0.0,1.98,0.09,2150.0,1.98,6904695.7,56.84,0.0,True,71.6,2025-01-22,9.98,0,,17.33,21.18,False,False
22-01-2025 09:00,BASGZ,30.18,31.76,30.18,31.52,1191374.0,0.24,1.34,0.11,1164.15,1.34,773415.9,54.04,0.18,True,61.76,2025-01-22,4.44,0,,28.44,31.56,False,False
22-01-2025 09:00,PENGD,7.25,7.49,7.06,7.49,7924063.0,0.0,0.24,0.02,900.0,0.24,3184031.4,148.87,0.0,True,68.12,2025-01-22,9.99,0,,6.35,7.64,False,False
22-01-2025 09:00,MEPET,9.21,9.8,9.11,9.79,1239020.0,0.01,0.58,0.02,2220.0,0.58,333607.3,271.4,0.02,True,59.28,2025-01-22,7.7,0,,8.96,11.48,True,True
21-01-2025 09:00,VAKBN,25.78,26.52,25.74,26.42,33599690.0,0.1,0.64,0.2,213.73,0.64,21878170.0,53.58,0.16,True,72.74,2025-01-21,2.09,0,,22.84,ATH,False,False
21-01-2025 09:00,CRDFA,6.0,6.58,5.97,6.58,5548993.0,0.0,0.58,0.04,1350.0,0.58,1306520.6,324.72,0.0,True,62.2,2025-01-21,9.85,0,,5.79,8.68,True,False
21-01-2025 09:00,RALYH,323.0,347.75,319.0,342.75,2365935.0,5.0,19.75,6.72,193.68,19.75,1259707.5,87.82,0.25,True,72.86,2025-01-21,5.14,0,,274.75,ATH,False,False
21-01-2025 09:00,EGGUB,73.7,81.4,73.55,81.4,6336472.0,0.0,7.7,0.73,954.79,7.7,2753579.9,130.12,0.0,True,73.72,2025-01-21,10.0,0,,52.9,ATH,False,False
21-01-2025 09:00,DIRIT,25.7,27.96,25.7,27.96,319724.0,0.0,2.26,0.4,459.41,2.26,130459.0,145.08,0.0,True,65.59,2025-01-21,9.65,0,,22.76,30.16,False,False
21-01-2025 09:00,SANEL,23.2,24.76,22.9,24.52,422858.0,0.24,1.32,0.15,780.0,1.32,140005.6,202.03,0.18,True,62.93,2025-01-21,6.06,0,,22.4,25.46,False,False
21-01-2025 09:00,HALKB,18.35,18.88,18.21,18.85,70216312.0,0.03,0.5,0.1,380.77,0.5,40626416.0,72.83,0.06,True,72.07,2025-01-21,2.06,0,,15.85,ATH,False,False
20-01-2025 09:00,AVPGY,57.8,61.35,57.7,60.5,4079213.0,0.85,2.7,0.28,847.37,2.7,2539383.0,60.64,0.31,True,66.47,2025-01-20,4.67,0,,53.7,ATH,False,False
20-01-2025 09:00,GZNMI,73.75,79.6,73.75,78.5,569278.0,1.1,4.75,0.68,593.43,4.75,277861.3,104.88,0.23,True,74.62,2025-01-20,6.44,0,,70.4,ATH,False,False
20-01-2025 09:00,AGROT,10.4,11.09,10.37,11.05,60960278.0,0.04,0.65,0.03,2307.41,0.65,22036374.8,176.63,0.06,True,51.0,2025-01-20,6.87,0,,10.04,14.97,True,True
20-01-2025 09:00,GLCVY,51.3,54.35,51.0,54.0,950432.0,0.35,2.7,0.24,1006.56,2.7,525717.9,80.79,0.13,True,70.76,2025-01-20,5.26,1,54.35,48.68,54.35,False,False
20-01-2025 09:00,DGATE,45.8,50.0,44.5,50.0,1054130.0,0.0,4.2,0.49,760.66,4.2,462033.3,128.15,0.0,True,69.61,2025-01-20,9.17,0,,39.6,ATH,False,False
20-01-2025 09:00,EUKYO,13.79,15.03,13.75,15.02,769911.0,0.01,1.23,0.06,1883.87,1.23,263338.9,192.37,0.01,True,58.47,2025-01-20,9.8,0,,13.4,16.8,False,False
20-01-2025 09:00,BRKVY,63.0,68.1,62.6,68.1,3490637.0,0.0,5.1,1.47,245.76,5.1,1973807.8,76.85,0.0,True,79.01,2025-01-20,9.93,0,,47.6,ATH,False,False
17-01-2025 09:00,HDFGS,1.63,1.79,1.61,1.79,63978138.0,0.0,0.16,0.01,966.67,0.16,34824914.6,83.71,0.0,True,64.22,2025-01-17,9.82,0,,1.59,ATH,False,False
17-01-2025 09:00,EGEPO,24.5,26.36,24.48,26.0,1378511.0,0.36,1.5,0.05,2900.0,1.5,636881.8,116.45,0.24,True,59.2,2025-01-17,6.21,0,,23.18,26.64,False,False
17-01-2025 09:00,KRONT,20.52,22.9,20.52,22.9,2764356.0,0.0,2.38,0.03,8400.0,2.38,515262.7,436.49,0.0,True,59.9,2025-01-17,9.57,0,,20.5,23.34,False,False
17-01-2025 09:00,ALBRK,6.99,7.28,6.97,7.28,21718139.0,0.0,0.29,0.03,900.0,0.29,11995005.4,81.06,0.0,True,73.21,2025-01-17,4.0,0,,6.02,ATH,False,False
16-01-2025 09:00,BLCYT,15.7,16.71,15.7,16.52,2239172.0,0.19,0.82,0.08,978.95,0.82,1199208.9,86.72,0.23,True,56.99,2025-01-16,5.56,0,,15.09,17.95,True,False
16-01-2025 09:00,DYOBY,27.0,29.34,27.0,28.76,8677517.0,0.58,1.76,0.55,221.17,1.76,4392003.5,97.58,0.33,True,86.3,2025-01-16,7.8,0,,21.46,ATH,False,False
15-01-2025 09:00,OSTIM,9.06,10.01,9.0,10.01,14857907.0,0.0,0.95,0.2,382.23,0.95,6486208.8,129.07,0.0,True,81.68,2025-01-15,10.0,0,,7.5,ATH,False,False
15-01-2025 09:00,YAPRK,722.5,790.0,717.0,782.0,355632.0,8.0,59.5,12.65,370.36,59.5,180360.9,97.18,0.13,True,80.0,2025-01-15,8.24,0,,445.75,ATH,False,False
14-01-2025 09:00,VKING,30.0,34.5,29.0,33.48,292735.0,1.02,3.48,0.11,2952.63,3.48,112237.9,160.82,0.29,True,54.21,2025-01-14,6.35,3,,27.9,39.86,False,False
14-01-2025 09:00,ALFAS,71.0,74.3,70.65,73.95,4309651.0,0.35,2.95,0.52,467.31,2.95,2787923.7,54.58,0.12,True,79.72,2025-01-14,4.45,0,,49.92,ATH,False,False
14-01-2025 09:00,HKTM,16.3,17.85,16.22,17.85,8739770.0,0.0,1.55,0.16,874.84,1.55,2539431.6,244.16,0.0,True,68.35,2025-01-14,9.98,0,,15.34,ATH,False,False
14-01-2025 09:00,AVOD,3.15,3.36,3.15,3.32,22652478.0,0.04,0.17,0.04,325.0,0.17,10945050.0,106.97,0.24,True,76.83,2025-01-14,5.4,0,,2.77,ATH,False,False
14-01-2025 09:00,KARTN,102.5,112.8,100.6,112.8,2770109.0,0.0,10.3,1.63,529.97,10.3,1034164.2,167.86,0.0,True,68.4,2025-01-14,9.94,0,,84.5,ATH,False,False
10-01-2025 09:00,HEDEF,4.05,4.43,3.85,4.43,34137289.0,0.0,0.38,0.05,630.77,0.38,15135606.5,125.54,0.0,True,77.24,2025-01-10,9.93,0,,2.86,ATH,False,False
10-01-2025 09:00,MERKO,15.5,16.86,14.75,16.77,15917987.0,0.09,1.27,0.18,601.66,1.27,4197349.4,279.24,0.07,True,71.12,2025-01-10,8.9,0,,13.19,18.4,False,False
10-01-2025 09:00,SKBNK,5.16,5.51,5.14,5.45,132208048.0,0.06,0.29,0.05,504.17,0.29,62360740.9,112.01,0.21,True,76.97,2025-01-10,5.62,0,,4.7,ATH,False,False
10-01-2025 09:00,SILVR,19.75,20.96,19.51,20.72,1222846.0,0.24,0.97,0.08,1159.74,0.97,745945.7,63.93,0.25,True,60.11,2025-01-10,4.91,0,,18.33,22.32,True,False
10-01-2025 09:00,SELVA,11.42,12.62,11.28,12.62,20579541.0,0.0,1.2,0.19,528.27,1.2,4475556.3,359.82,0.0,True,79.0,2025-01-10,9.93,0,,10.21,ATH,False,False
09-01-2025 09:00,OBASE,33.86,35.18,33.58,34.9,1556938.0,0.28,1.04,0.2,414.85,1.04,604191.2,157.69,0.27,True,69.7,2025-01-09,3.07,1,35.18,29.62,35.18,False,False
09-01-2025 09:00,IHLAS,3.69,4.14,3.66,4.14,94712616.0,0.0,0.45,0.06,592.31,0.45,41737948.2,126.92,0.0,True,68.0,2025-01-09,9.81,0,,2.98,4.78,False,False
09-01-2025 09:00,GRNYO,9.3,9.48,9.2,9.48,865893.0,0.0,0.18,0.03,566.67,0.18,468449.0,84.84,0.0,True,65.26,2025-01-09,3.04,0,,8.93,9.49,False,False
09-01-2025 09:00,BAGFS,22.88,25.16,22.88,25.16,6453174.0,0.0,2.28,0.3,670.27,2.28,1552296.2,315.72,0.0,True,69.65,2025-01-09,9.97,0,,21.54,ATH,False,False
09-01-2025 09:00,BIENY,32.72,35.88,32.62,35.88,5488641.0,0.0,3.16,0.56,466.31,3.16,1947887.6,181.77,0.0,True,72.52,2025-01-09,9.99,0,,30.2,ATH,False,False
09-01-2025 09:00,CELHA,21.94,23.66,21.7,23.28,3159979.0,0.38,1.34,0.06,2292.86,1.34,1307698.6,141.64,0.28,True,56.41,2025-01-09,6.5,0,,21.06,25.74,True,False
08-01-2025 09:00,RTALB,17.5,19.33,17.2,19.33,55393517.0,0.0,1.83,0.23,692.21,1.83,17917521.6,209.16,0.0,True,80.43,2025-01-08,9.95,0,,14.37,ATH,False,False
07-01-2025 09:00,TUREX,154.0,163.7,153.4,161.8,1771423.0,1.9,7.8,0.29,2589.66,7.8,874146.7,102.65,0.24,True,64.48,2025-01-07,5.13,0,,83.2,ATH,False,False
07-01-2025 09:00,NETAS,68.0,70.25,67.5,70.0,1149061.0,0.25,2.0,0.35,471.43,2.0,753965.5,52.4,0.12,True,56.69,2025-01-07,3.55,0,,64.05,74.45,False,False
07-01-2025 09:00,KRDMA,29.14,30.34,28.08,30.32,14519886.0,0.02,1.18,0.05,2085.19,1.18,6227116.2,133.17,0.02,True,61.17,2025-01-07,4.41,0,,26.6,32.2,False,False
07-01-2025 09:00,SAMAT,19.25,21.14,19.2,21.14,8480306.0,0.0,1.89,0.27,597.42,1.89,3859567.2,119.72,0.0,True,69.42,2025-01-07,9.99,0,,17.8,21.3,False,False
06-01-2025 09:00,ZOREN,4.5,4.66,4.49,4.63,171063540.0,0.03,0.13,0.02,584.21,0.13,83627775.0,104.55,0.23,True,63.8,2025-01-06,3.12,1,4.66,4.28,4.66,False,False
06-01-2025 09:00,VAKFN,1.97,2.14,1.96,2.14,191583227.0,0.0,0.17,0.01,3300.0,0.17,96221176.1,99.11,0.0,True,70.29,2025-01-06,9.74,0,,1.85,ATH,False,False
06-01-2025 09:00,VANGD,20.46,22.66,20.32,22.66,895120.0,0.0,2.2,0.19,1082.8,2.2,315907.9,183.35,0.0,True,66.85,2025-01-06,10.0,0,,19.81,23.14,False,False
06-01-2025 09:00,ULUUN,6.53,6.81,6.53,6.78,8366936.0,0.03,0.25,0.0,12400.0,0.25,4706038.4,77.79,0.12,True,64.95,2025-01-06,4.47,0,,6.16,6.86,False,False
06-01-2025 09:00,ODAS,6.3,6.64,6.3,6.58,74202587.0,0.06,0.28,0.0,13900.0,0.28,44454018.1,66.92,0.21,True,58.35,2025-01-06,4.78,1,6.64,5.51,6.64,False,False
06-01-2025 09:00,REEDR,14.52,15.34,14.47,15.2,60376854.0,0.14,0.68,0.03,2093.55,0.68,26387394.8,128.81,0.21,True,53.98,2025-01-06,4.9,0,,14.05,16.14,True,False
06-01-2025 09:00,KLMSN,29.08,30.5,29.0,30.2,634318.0,0.3,1.12,0.13,761.54,1.12,352721.9,79.84,0.27,True,69.4,2025-01-06,3.85,0,,27.22,ATH,False,False
06-01-2025 09:00,USAK,2.76,3.03,2.74,3.03,138208815.0,0.0,0.27,0.0,26700.0,0.27,63014146.5,119.33,0.0,True,65.49,2025-01-06,9.93,0,,2.62,3.24,False,False
06-01-2025 09:00,MNDRS,10.12,10.81,10.07,10.65,8753437.0,0.16,0.53,0.02,2309.09,0.53,3806090.6,129.98,0.3,True,54.04,2025-01-06,5.24,0,,9.66,11.36,True,False
06-01-2025 09:00,INVEO,7.6,8.28,7.6,8.28,6246110.0,0.0,0.68,0.05,1136.36,0.68,2912432.6,114.46,0.0,True,67.42,2025-01-06,9.96,0,,7.07,ATH,False,False
06-01-2025 09:00,BORSK,23.12,23.9,23.12,23.76,2633922.0,0.14,0.64,0.03,2185.71,0.64,1436148.7,83.4,0.22,True,61.29,2025-01-06,3.21,0,,21.6,25.1,False,False
06-01-2025 09:00,BRLSM,14.94,16.12,14.94,15.88,9022842.0,0.24,0.94,0.02,5122.22,0.94,2772665.7,225.42,0.26,True,59.34,2025-01-06,6.86,1,16.12,14.64,16.12,True,True
06-01-2025 09:00,GARFA,20.36,22.38,20.36,22.38,3748545.0,0.0,2.02,0.22,826.61,2.02,969420.5,286.68,0.0,True,72.45,2025-01-06,9.92,0,,18.44,ATH,False,False
06-01-2025 09:00,ADESE,2.29,2.49,2.29,2.49,200245700.0,0.0,0.2,0.01,1900.0,0.2,62596497.3,219.9,0.0,True,68.69,2025-01-06,9.69,0,,2.15,ATH,False,False
06-01-2025 09:00,EGPRO,24.96,25.63,24.96,25.48,1203838.8,0.15,0.52,0.06,775.0,0.52,799915.2,50.5,0.29,True,67.49,2025-01-06,2.21,0,,23.39,ATH,False,False
06-01-2025 09:00,ICBCT,14.43,15.33,14.43,15.15,2481449.0,0.18,0.72,0.06,1061.29,0.72,1062549.8,133.54,0.25,True,63.54,2025-01-06,5.06,0,,13.67,15.92,False,False
03-01-2025 09:00,YIGIT,35.02,37.44,34.6,37.0,19769156.0,0.44,1.98,0.08,2375.0,1.98,9642273.8,105.03,0.22,True,61.83,2025-01-03,5.71,0,,33.46,38.46,False,False
03-01-2025 09:00,YATAS,27.44,28.16,27.44,28.16,1408965.0,0.0,0.72,0.08,778.05,0.72,782671.5,80.02,0.0,True,60.76,2025-01-03,2.7,0,,25.88,28.68,False,False
03-01-2025 09:00,DURKN,16.12,17.68,16.12,17.28,12002395.0,0.4,1.16,0.06,1900.0,1.16,6636143.1,80.86,0.34,True,59.18,2025-01-03,7.4,0,,12.51,18.6,False,False
03-01-2025 09:00,TUPRS,146.3,150.0,145.9,150.0,21470510.0,0.0,3.7,0.21,1661.9,3.7,13325949.8,61.12,0.0,True,58.18,2025-01-03,2.67,0,,140.8,156.2,False,False
03-01-2025 09:00,TMSN,120.3,128.1,119.7,127.1,2890881.0,1.0,6.8,1.1,518.18,6.8,1151392.3,151.08,0.15,True,67.25,2025-01-03,6.18,0,,111.3,ATH,False,False
03-01-2025 09:00,MNDTR,5.92,6.18,5.9,6.18,3185300.0,0.0,0.26,0.03,687.88,0.26,1557813.3,104.47,0.0,True,68.86,2025-01-03,4.92,0,,5.5,ATH,False,False
03-01-2025 09:00,HEKTS,3.93,4.3,3.93,4.22,634423980.0,0.08,0.29,0.02,1712.5,0.29,188595492.2,236.39,0.28,True,62.38,2025-01-03,7.93,1,4.3,3.7,4.3,False,False
03-01-2025 09:00,HATSN,45.0,47.8,45.0,47.08,3133680.0,0.72,2.08,0.04,4627.27,2.08,1170288.7,167.77,0.35,True,58.19,2025-01-03,3.52,0,,44.68,51.5,False,False
03-01-2025 09:00,THYAO,288.25,299.75,288.0,298.0,40123161.0,1.75,9.75,0.02,38900.0,9.75,23372981.1,71.66,0.18,True,59.1,2025-01-03,3.65,0,,278.75,305.0,False,False
03-01-2025 09:00,IEYHO,11.14,11.95,11.13,11.77,24318215.0,0.18,0.63,0.01,4100.0,0.63,14702098.5,65.41,0.29,True,61.63,2025-01-03,6.04,0,,10.66,12.5,False,False
03-01-2025 09:00,VRGYO,3.03,3.32,3.0,3.32,63484943.0,0.0,0.29,0.01,2800.0,0.29,29704985.2,113.72,0.0,True,69.03,2025-01-03,9.93,0,,2.56,ATH,False,False
03-01-2025 09:00,GMTAS,10.93,11.77,10.93,11.77,4513744.0,0.0,0.84,0.1,740.0,0.84,1484470.5,204.06,0.0,True,73.17,2025-01-03,7.69,0,,10.12,ATH,False,False
03-01-2025 09:00,AYEN,31.5,33.34,31.5,33.12,2853278.0,0.22,1.62,0.32,400.0,1.62,821941.5,247.14,0.14,True,70.0,2025-01-03,4.88,0,,28.66,ATH,False,False
03-01-2025 09:00,SELEC,78.5,82.5,78.4,82.2,3086075.0,0.3,3.7,0.2,1704.88,3.7,1555688.6,98.37,0.08,True,62.34,2025-01-03,4.71,0,,73.45,85.25,False,False
02-01-2025 09:00,KLSYN,5.59,6.0,5.59,6.0,2617444.0,0.0,0.41,0.01,5025.0,0.41,1585154.0,65.12,0.0,True,61.31,2025-01-02,7.72,0,,5.46,6.16,False,False
02-01-2025 09:00,ALKA,9.15,10.05,9.15,10.05,23220292.0,0.0,0.9,0.21,330.62,0.9,14030264.9,65.5,0.0,True,82.18,2025-01-02,9.96,0,,6.05,ATH,False,False
02-01-2025 09:00,KLKIM,31.22,33.64,31.22,33.36,7545595.0,0.28,2.14,0.22,872.73,2.14,3544824.6,112.86,0.13,True,61.53,2025-01-02,6.92,0,,29.92,35.2,False,False
02-01-2025 09:00,ALKIM,19.16,20.28,19.16,20.02,5950602.0,0.26,0.86,0.21,315.46,0.86,3443784.0,72.79,0.3,True,72.01,2025-01-02,5.15,0,,15.54,ATH,False,False
02-01-2025 09:00,KTSKR,60.7,65.0,60.6,63.95,913319.0,1.05,3.25,0.1,3321.05,3.25,357080.8,155.77,0.32,True,58.8,2025-01-02,5.7,0,,59.5,66.35,False,False
02-01-2025 09:00,ISCTR,13.6,14.07,13.55,14.05,683285500.0,0.02,0.45,0.01,3650.0,0.45,427218240.4,59.94,0.04,True,61.99,2025-01-02,3.77,0,,12.83,14.47,False,False
02-01-2025 09:00,HRKET,72.35,75.75,72.25,75.45,4090846.0,0.3,3.1,0.06,4669.23,3.1,2280318.8,79.4,0.1,True,62.99,2025-01-02,4.28,0,,68.6,78.15,False,False
31-12-2024 09:00,A1CAP,5.36,5.69,5.36,5.6,14605060.0,0.09,0.24,0.05,426.32,0.24,6290546.5,132.17,0.37,True,75.6,2024-12-31,4.56,1,5.69,4.78,5.69,False,False
31-12-2024 09:00,ATAKP,48.18,49.68,47.2,49.68,715587.0,0.0,1.5,0.37,305.41,1.5,444171.0,61.11,0.0,True,69.42,2024-12-31,3.28,0,,43.64,50.0,False,False
31-12-2024 09:00,RGYAS,126.7,132.0,125.1,132.0,787779.0,0.0,5.3,0.27,1862.96,5.3,507462.1,55.24,0.0,True,68.92,2024-12-31,4.43,1,132.0,120.0,133.3,False,False
31-12-2024 09:00,ISMEN,46.28,49.0,45.98,49.0,13885254.0,0.0,2.72,0.28,857.75,2.72,5759578.9,141.08,0.0,True,75.52,2024-12-31,6.01,1,49.0,42.0,ATH,False,False
31-12-2024 09:00,QUAGR,3.17,3.27,3.15,3.25,30827725.0,0.02,0.08,0.01,471.43,0.08,19453988.4,58.46,0.25,True,75.92,2024-12-31,2.52,0,,2.48,ATH,False,False
31-12-2024 09:00,PLTUR,28.74,31.6,28.48,31.1,6577627.0,0.5,2.36,0.25,836.51,2.36,4219838.3,55.87,0.21,True,57.78,2024-12-31,8.21,0,,27.3,ATH,False,False
31-12-2024 09:00,HURGZ,4.4,4.84,4.34,4.84,8094502.0,0.0,0.44,0.02,1900.0,0.44,4485235.3,80.47,0.0,True,64.94,2024-12-31,10.0,0,,3.73,4.92,False,False
31-12-2024 09:00,KOZAA,70.6,74.25,69.0,74.25,10960840.0,0.0,3.65,0.26,1303.85,3.65,6899335.5,58.87,0.0,True,65.27,2024-12-31,5.02,1,74.25,63.7,75.3,False,False
31-12-2024 09:00,EMKEL,14.25,15.57,14.09,15.57,7104012.0,0.0,1.32,0.22,494.59,1.32,4047011.4,75.54,0.0,True,77.11,2024-12-31,9.96,0,,11.65,ATH,False,False
30-12-2024 09:00,TURSG,16.48,18.07,16.43,17.98,63886512.0,0.09,1.5,0.31,383.87,1.5,34561731.8,84.85,0.06,True,87.62,2024-12-30,8.38,0,,12.21,ATH,False,False
30-12-2024 09:00,GENTS,9.21,10.29,9.21,10.1,7401459.0,0.19,0.89,0.08,972.29,0.89,1531494.5,383.28,0.21,True,70.63,2024-12-30,7.91,2,9.21,9.21,ATH,False,False
30-12-2024 09:00,NATEN,63.1,69.3,62.75,69.3,6725068.0,0.0,6.2,1.56,296.17,6.2,2841054.7,136.71,0.0,True,86.8,2024-12-30,10.0,0,,49.1,ATH,False,False
30-12-2024 09:00,HUNER,3.55,3.88,3.55,3.88,44491937.0,0.0,0.33,0.03,900.0,0.33,22518107.6,97.58,0.0,True,74.35,2024-12-30,9.92,0,,3.24,ATH,False,False
30-12-2024 09:00,TSPOR,0.94,1.01,0.93,1.0,732623060.0,0.01,0.06,0.01,757.14,0.06,334241129.9,119.19,0.17,True,71.2,2024-12-30,6.38,0,,0.88,ATH,False,False
30-12-2024 09:00,ATATP,101.0,109.9,100.0,109.9,1312000.0,0.0,8.9,0.57,1475.22,8.9,573075.0,128.94,0.0,True,71.54,2024-12-30,9.95,0,,90.55,ATH,False,False
30-12-2024 09:00,YUNSA,6.35,6.91,6.3,6.91,14006530.0,0.0,0.56,0.01,5500.0,0.56,4620105.9,203.16,0.0,True,65.53,2024-12-30,9.86,0,,6.15,6.99,False,False
30-12-2024 09:00,DGNMO,9.65,10.27,9.65,10.25,6692837.0,0.02,0.6,0.02,3429.41,0.6,2824915.3,136.92,0.03,True,69.33,2024-12-30,7.22,0,,8.08,ATH,False,False
27-12-2024 09:00,PCILT,17.2,18.26,16.35,18.18,5956687.0,0.08,0.98,0.1,851.46,0.98,1530150.9,289.29,0.08,True,61.36,2024-12-27,5.76,0,,15.82,21.7,True,False
27-12-2024 09:00,OTKAR,487.5,498.75,484.75,496.25,529828.0,2.5,8.75,1.62,438.46,8.75,289981.9,82.71,0.29,True,65.95,2024-12-27,1.85,0,,450.0,510.0,False,False
27-12-2024 09:00,MAKTK,6.78,7.43,6.76,7.43,13884336.0,0.0,0.65,0.02,3723.53,0.65,5148843.8,169.66,0.0,True,67.95,2024-12-27,9.91,0,,5.63,ATH,False,False
27-12-2024 09:00,FLAP,9.05,9.81,8.98,9.78,13561359.0,0.03,0.73,0.06,1137.29,0.73,6135750.5,121.02,0.04,True,62.6,2024-12-27,8.43,0,,8.8,10.24,False,False
27-12-2024 09:00,AKENR,11.07,12.16,11.04,12.16,25927201.0,0.0,1.09,0.04,2625.0,1.09,9596639.3,170.17,0.0,True,64.08,2024-12-27,9.95,0,,10.91,13.0,True,True
27-12-2024 09:00,BNTAS,6.52,6.84,6.51,6.8,12946620.98,0.04,0.28,0.03,827.27,0.28,6296243.38,105.62,0.14,True,66.12,2024-12-27,5.08,0,,6.21,7.05,False,False
27-12-2024 09:00,GLYHO,5.63,5.92,5.63,5.91,11535346.84,0.0,0.28,0.02,1455.56,0.28,6885199.37,67.54,0.01,True,64.03,2024-12-27,4.66,0,,5.46,6.2,False,False
27-12-2024 09:00,AGHOL,364.5,380.25,364.25,379.5,903848.0,0.75,15.0,0.2,7400.0,15.0,567532.4,59.26,0.05,True,66.67,2024-12-27,4.55,0,,317.25,383.5,False,False
25-12-2024 09:00,GEDIK,7.7,8.24,7.7,8.09,3104381.0,0.15,0.39,0.0,12900.0,0.39,734735.2,322.52,0.38,True,64.02,2024-12-25,6.03,0,,7.46,8.14,False,False
25-12-2024 09:00,GOODY,16.96,18.55,16.96,18.2,6492970.0,0.35,1.24,0.15,721.19,1.24,2393383.8,171.29,0.28,True,68.36,2024-12-25,7.82,0,,15.15,ATH,False,False
24-12-2024 09:00,BURCE,17.59,19.33,17.53,19.33,9431794.0,0.0,1.74,0.02,9566.67,1.74,2291960.7,311.52,0.0,True,51.25,2024-12-24,9.95,0,,17.26,22.3,True,True
24-12-2024 09:00,PNLSN,47.2,50.85,47.2,50.1,2963550.0,0.75,2.9,0.64,350.31,2.9,1040696.5,184.77,0.26,True,78.91,2024-12-24,6.37,0,,38.82,ATH,False,False
23-12-2024 09:00,DENGE,3.45,3.77,3.44,3.75,55337250.0,0.02,0.3,0.06,435.71,0.3,25583142.0,116.3,0.07,True,70.65,2024-12-23,9.33,0,,2.68,ATH,False,False
23-12-2024 09:00,ONRYT,78.45,80.8,76.65,80.8,4314489.0,0.0,2.35,0.1,2138.1,2.35,2129069.2,102.65,0.0,True,67.15,2024-12-23,4.33,0,,72.7,81.2,False,False
23-12-2024 09:00,ZEDUR,7.9,8.64,7.7,8.64,8231108.0,0.0,0.74,0.0,14700.0,0.74,2948981.0,179.12,0.0,True,60.55,2024-12-23,9.64,0,,7.69,ATH,False,False
23-12-2024 09:00,ETYAT,11.94,12.9,11.94,12.85,1110317.0,0.05,0.91,0.19,373.96,0.91,492267.1,125.55,0.05,True,68.03,2024-12-23,7.53,0,,10.63,ATH,False,False
20-12-2024 09:00,GIPTA,33.44,36.3,33.12,36.18,4421178.0,0.12,2.74,0.02,13600.0,2.74,1647920.2,168.29,0.04,True,70.16,2024-12-20,9.64,0,,26.1,ATH,False,False
20-12-2024 09:00,SISE,42.38,44.08,42.14,43.6,72604795.0,0.48,1.22,0.22,449.55,1.22,44107453.8,64.61,0.39,True,63.68,2024-12-20,3.17,0,,40.96,ATH,False,False
19-12-2024 09:00,DOKTA,25.76,28.3,25.76,28.3,2869330.0,0.0,2.54,0.31,719.35,2.54,863420.3,232.32,0.0,True,79.63,2024-12-19,9.95,0,,21.76,ATH,False,False
19-12-2024 09:00,OYYAT,33.04,37.34,33.04,36.46,2833656.0,0.88,3.42,0.17,1935.71,3.42,790001.5,258.69,0.26,True,57.35,2024-12-19,7.36,2,33.04,33.04,36.9,True,True
18-12-2024 09:00,FMIZP,314.0,330.75,313.75,327.25,354047.0,3.5,13.25,0.78,1609.68,13.25,126038.7,180.9,0.26,True,67.1,2024-12-18,4.39,0,,300.25,333.0,False,False
18-12-2024 09:00,EUYO,10.82,12.38,10.82,12.38,1324427.0,0.0,1.56,0.28,463.18,1.56,633903.1,108.93,0.0,True,74.78,2024-12-18,9.95,0,,9.75,ATH,False,False
17-12-2024 09:00,TATEN,42.0,43.5,41.38,43.5,8398208.0,0.0,1.5,0.31,390.2,1.5,3842054.3,118.59,0.0,True,72.33,2024-12-17,3.72,0,,29.9,ATH,False,False
17-12-2024 09:00,EKOS,26.16,27.46,25.36,27.2,9041160.0,0.26,1.04,0.12,738.71,1.04,4187882.0,115.89,0.25,True,63.73,2024-12-17,4.78,0,,24.38,30.06,False,False
16-12-2024 09:00,BRKO,9.0,9.73,9.0,9.73,1439333.0,0.0,0.73,0.16,347.85,0.73,794028.6,81.27,0.0,True,69.25,2024-12-16,9.94,0,,7.52,10.4,False,False
16-12-2024 09:00,PSDTC,82.8,91.05,82.8,91.05,1220715.0,0.0,8.25,0.5,1550.0,8.25,775228.9,57.47,0.0,True,62.74,2024-12-16,9.96,0,,75.4,126.0,True,False
16-12-2024 09:00,TERA,30.9,33.26,30.9,32.9,1472705.0,0.36,2.0,0.43,367.29,2.0,814970.9,80.71,0.18,True,75.67,2024-12-16,6.96,0,,24.2,ATH,False,False
16-12-2024 09:00,JANTS,26.28,28.74,26.28,28.74,11791637.0,0.0,2.46,0.13,1852.38,2.46,4856840.0,142.78,0.0,True,65.35,2024-12-16,9.95,0,,25.86,28.88,False,False
16-12-2024 09:00,KATMR,2.38,2.45,2.32,2.45,519623100.0,0.0,0.07,0.0,3400.0,0.07,123201592.0,321.77,0.0,True,72.74,2024-12-16,9.87,0,,2.02,ATH,False,False
16-12-2024 09:00,DZGYO,11.8,12.89,11.8,12.89,37818561.0,0.0,1.09,0.16,564.63,1.09,14011890.2,169.9,0.0,True,71.96,2024-12-16,9.98,0,,9.67,ATH,False,False
16-12-2024 09:00,AHGAZ,20.2,21.26,20.12,21.0,12607319.0,0.26,0.8,0.08,952.63,0.8,5470436.6,130.46,0.33,True,66.84,2024-12-16,3.04,1,21.26,18.91,21.26,False,False
16-12-2024 09:00,KZGYO,23.64,24.56,23.56,24.3,3905538.0,0.26,0.66,0.02,4025.0,0.66,2504751.8,55.93,0.39,True,56.41,2024-12-16,2.97,0,,23.0,24.8,False,False
16-12-2024 09:00,KRPLS,7.49,8.11,7.48,8.03,13382535.0,0.08,0.54,0.05,881.82,0.54,2192485.8,510.38,0.15,True,71.27,2024-12-16,7.21,0,,6.85,ATH,False,False
13-12-2024 09:00,GESAN,47.54,50.2,47.08,50.15,11704806.0,0.05,2.61,0.26,923.53,2.61,5693167.6,105.59,0.02,True,62.04,2024-12-13,6.03,0,,45.26,53.4,False,False
13-12-2024 09:00,ONCSM,95.7,105.2,94.95,105.2,1887323.0,0.0,9.5,0.47,1921.28,9.5,1064056.9,77.37,0.0,True,63.44,2024-12-13,9.93,2,94.95,94.95,105.9,False,False
13-12-2024 09:00,ADEL,35.2,37.64,34.76,37.62,7245144.0,0.02,2.42,0.22,980.36,2.42,2605682.5,178.05,0.01,True,54.33,2024-12-13,6.87,1,37.64,34.4,37.64,True,True
12-12-2024 09:00,ATLAS,6.39,6.86,6.39,6.77,1808009.0,0.09,0.38,0.09,317.58,0.38,1018578.8,77.5,0.24,True,76.58,2024-12-12,5.95,0,,5.54,ATH,False,False
12-12-2024 09:00,AKFYE,18.92,20.1,18.92,19.83,11456131.0,0.27,0.91,0.05,1585.19,0.91,7409521.6,54.61,0.3,True,66.48,2024-12-12,4.98,0,,16.79,ATH,False,False
11-12-2024 09:00,DITAS,16.15,17.64,16.13,17.64,10035355.0,0.0,1.49,0.19,672.02,1.49,2517869.8,298.57,0.0,True,73.3,2024-12-11,9.98,0,,14.39,ATH,False,False
11-12-2024 09:00,IPEKE,53.5,58.85,53.25,58.85,12017069.0,0.0,5.35,0.55,863.96,5.35,7455228.5,61.19,0.0,True,78.43,2024-12-11,10.0,0,,ATL,ATH,False,False
11-12-2024 09:00,GSDDE,9.7,10.7,9.61,10.7,12112055.0,0.0,1.0,0.25,306.5,1.0,5958902.7,103.26,0.0,True,89.38,2024-12-11,9.97,0,,7.6,ATH,False,False
10-12-2024 09:00,DERHL,11.63,12.76,11.61,12.66,11681593.0,0.1,1.03,0.13,717.46,1.03,5157326.4,126.5,0.1,True,65.95,2024-12-10,8.95,0,,10.26,13.4,False,False
10-12-2024 09:00,KRTEK,28.44,31.32,28.22,31.32,4950997.0,0.0,2.88,0.24,1120.34,2.88,1100683.3,349.81,0.0,True,64.52,2024-12-10,9.97,0,,27.04,31.62,False,False
10-12-2024 09:00,CRFSA,108.7,114.8,106.8,114.8,1320047.0,0.0,6.1,0.9,577.78,6.1,451213.7,192.55,0.0,True,73.52,2024-12-10,5.81,0,,98.4,ATH,False,False
10-12-2024 09:00,ENERY,276.0,281.75,276.0,280.75,630311.0,1.0,4.75,0.65,630.77,4.75,331391.9,90.2,0.21,True,69.95,2024-12-10,1.54,0,,ATL,281.0,False,False
10-12-2024 09:00,SNICA,5.71,6.15,5.69,6.04,42434916.0,0.11,0.33,0.06,415.62,0.33,20892084.2,103.11,0.33,True,73.72,2024-12-10,5.96,0,,5.06,ATH,False,False
09-12-2024 09:00,TATGD,13.57,13.91,12.9,13.91,5677125.25,0.0,0.34,0.09,305.41,0.34,2421580.09,134.44,0.0,True,62.5,2024-12-09,2.98,0,,12.34,14.9,False,False
09-12-2024 09:00,BUCIM,8.44,8.89,8.41,8.85,49414571.0,0.04,0.41,0.1,301.96,0.41,11284980.3,337.88,0.1,True,84.61,2024-12-09,9.12,0,,6.22,ATH,False,False
09-12-2024 09:00,BASCM,11.98,12.6,11.98,12.6,439825.0,0.0,0.62,0.1,545.83,0.62,173381.9,153.67,0.0,True,60.5,2024-12-09,5.53,1,12.6,11.56,13.2,False,False
09-12-2024 09:00,GLBMD,15.44,16.98,15.06,16.98,9889970.0,0.0,1.54,0.4,282.13,1.54,5178571.2,90.98,0.0,True,81.04,2024-12-09,9.97,0,,10.19,ATH,False,False
09-12-2024 09:00,ISSEN,9.55,10.12,9.55,10.02,11958934.0,0.1,0.47,0.04,944.44,0.47,2641654.6,352.71,0.21,True,74.58,2024-12-09,5.36,0,,8.52,ATH,False,False
09-12-2024 09:00,YYLGD,11.2,11.88,11.16,11.82,16963506.0,0.06,0.62,0.14,330.56,0.62,10331651.9,64.19,0.1,True,77.6,2024-12-09,7.75,1,11.88,9.4,11.88,False,False
09-12-2024 09:00,GOLTS,501.0,525.0,501.0,519.5,1223891.0,5.5,18.5,2.38,678.95,18.5,590254.5,107.35,0.3,True,73.38,2024-12-09,7.67,0,,407.0,ATH,False,False
09-12-2024 09:00,BINHO,325.0,352.0,325.0,351.5,1312922.0,0.5,26.5,5.12,417.07,26.5,770805.1,70.33,0.02,True,72.96,2024-12-09,9.84,0,,271.25,ATH,False,False
09-12-2024 09:00,ACSEL,113.6,124.9,112.5,124.9,487161.0,0.0,11.3,1.55,629.03,11.3,205930.2,136.57,0.0,True,76.97,2024-12-09,9.95,0,,101.3,ATH,False,False
09-12-2024 09:00,DEVA,74.4,79.85,74.4,78.5,1460484.0,1.35,4.1,0.62,566.67,4.1,789567.0,84.97,0.33,True,76.02,2024-12-09,5.72,0,,66.55,ATH,False,False
09-12-2024 09:00,CIMSA,43.2,45.1,43.14,45.1,33113084.0,0.0,1.9,0.23,718.97,1.9,12792456.8,158.85,0.0,True,80.22,2024-12-09,10.0,0,,38.18,ATH,False,False
09-12-2024 09:00,ARCLK,146.2,150.1,146.1,150.0,3178199.0,0.1,3.8,0.35,985.71,3.8,2071106.3,53.45,0.03,True,69.13,2024-12-09,3.52,0,,123.0,ATH,False,False
09-12-2024 09:00,IZMDC,5.67,6.06,5.67,6.05,21704392.0,0.01,0.38,0.04,850.0,0.38,8919488.3,143.34,0.03,True,77.98,2024-12-09,9.8,0,,5.05,ATH,False,False
09-12-2024 09:00,KCAER,14.53,15.35,14.53,15.2,23523660.0,0.15,0.67,0.11,489.52,0.67,13692316.53,71.8,0.22,True,78.87,2024-12-09,5.7,0,,12.64,ATH,False,False
09-12-2024 09:00,EGSER,3.86,4.1,3.86,4.05,20636159.0,0.05,0.19,0.0,3700.0,0.19,9468528.9,117.94,0.26,True,64.79,2024-12-09,6.3,0,,3.49,4.29,False,False
09-12-2024 09:00,NIBAS,19.2,20.54,19.19,20.54,15267753.0,0.0,1.34,0.07,1710.81,1.34,3488513.0,337.66,0.0,True,65.45,2024-12-09,9.96,0,,18.16,21.58,True,True
09-12-2024 09:00,KLRHO,28.92,31.8,28.92,31.8,1645930.0,0.0,2.88,0.09,3100.0,2.88,868429.6,89.53,0.0,True,65.41,2024-12-09,9.96,0,,27.0,32.66,False,False
09-12-2024 09:00,DOFER,29.5,31.52,29.5,31.18,2347614.0,0.34,1.68,0.03,4841.18,1.68,754743.4,211.05,0.2,True,62.26,2024-12-09,7.0,0,,28.22,34.06,False,False
09-12-2024 09:00,NUHCM,330.0,351.25,330.0,351.25,1682278.0,0.0,21.25,2.58,725.24,21.25,339519.4,395.49,0.0,True,76.78,2024-12-09,9.94,0,,262.75,ATH,False,False
09-12-2024 09:00,ASTOR,93.6,102.0,93.6,101.1,26744072.0,0.9,7.5,0.08,8723.53,7.5,11682624.5,128.92,0.12,True,68.04,2024-12-09,8.83,0,,91.55,101.8,False,False
06-12-2024 09:00,SAYAS,43.56,45.6,43.18,45.02,3001710.0,0.58,1.46,0.08,1771.79,1.46,1170879.4,156.36,0.4,True,58.07,2024-12-06,3.49,0,,42.48,48.42,False,False
06-12-2024 09:00,TUKAS,2.29,2.38,2.28,2.37,80311250.13,0.02,0.08,0.01,434.88,0.08,41565025.66,93.22,0.22,True,73.94,2024-12-06,3.73,0,,2.08,ATH,False,False
06-12-2024 09:00,CATES,36.8,38.14,36.8,37.88,2502286.0,0.26,1.08,0.06,1762.07,1.08,1563013.7,60.09,0.24,True,59.34,2024-12-06,3.27,0,,35.64,38.7,False,False
06-12-2024 09:00,CONSE,2.72,2.8,2.69,2.78,15428421.0,0.02,0.06,0.0,1400.0,0.06,9755735.5,58.15,0.33,True,66.9,2024-12-06,2.58,0,,2.46,ATH,False,False
06-12-2024 09:00,AYDEM,24.88,25.38,24.88,25.36,3279365.0,0.02,0.48,0.0,6.75539944105574e+16,0.48,2111822.7,55.29,0.04,True,58.98,2024-12-06,2.42,0,,23.74,26.04,False,False
06-12-2024 09:00,GSRAY,2.14,2.22,2.14,2.22,206098766.86,0.0,0.08,0.02,410.64,0.08,90084780.91,128.78,0.04,True,44.76,2024-12-06,-3.96,0,,2.2,2.43,False,False
06-12-2024 09:00,RODRG,21.16,23.26,21.06,22.8,5409102.0,0.46,1.64,0.13,1181.25,1.64,1509975.2,258.22,0.28,True,67.84,2024-12-06,7.75,0,,20.3,25.38,False,False
06-12-2024 09:00,AEFES,215.4,227.9,214.2,227.4,7688741.0,0.5,12.0,1.21,891.74,12.0,4193673.8,83.34,0.04,True,65.75,2024-12-06,6.76,0,,192.3,ATH,False,False
05-12-2024 09:00,SKYLP,87.7,96.55,87.7,96.55,1100782.0,0.0,8.85,0.73,1104.08,8.85,283018.4,288.94,0.0,True,67.49,2024-12-05,9.97,0,,81.6,98.35,False,False
05-12-2024 09:00,KNFRT,10.9,11.55,10.87,11.55,2613114.0,0.0,0.65,0.1,519.05,0.65,1334930.1,95.75,0.0,True,72.21,2024-12-05,5.96,0,,ATL,ATH,False,False
05-12-2024 09:00,ISFIN,11.55,12.13,11.55,12.04,10750521.0,0.09,0.49,0.12,292.0,0.49,6631254.2,62.12,0.18,True,69.6,2024-12-05,4.06,0,,10.69,ATH,False,False
05-12-2024 09:00,YESIL,2.22,2.4,2.21,2.4,352684810.0,0.0,0.18,0.02,900.0,0.18,146852227.0,140.16,0.0,True,82.96,2024-12-05,9.59,0,,1.25,2.54,False,False
05-12-2024 09:00,CEMZY,10.88,11.65,10.85,11.47,43166845.0,0.18,0.59,0.15,283.12,0.59,21705470.1,98.88,0.31,True,78.62,2024-12-05,6.2,1,11.65,9.43,11.65,False,False
04-12-2024 09:00,ENSRI,18.35,20.12,17.51,20.12,4037153.0,0.0,1.77,0.05,3747.83,1.77,1598093.2,152.62,0.0,True,57.58,2024-12-04,9.95,2,17.51,17.51,ATH,False,False
04-12-2024 09:00,DNISI,23.94,26.1,23.94,26.1,9596053.0,0.0,2.16,0.1,2104.08,2.16,5147938.4,86.41,0.0,True,67.09,2024-12-04,9.94,0,,20.6,26.76,False,False
04-12-2024 09:00,KAREL,9.24,9.48,9.17,9.48,9410825.0,0.0,0.24,0.05,361.54,0.24,5685066.5,65.54,0.0,True,60.34,2024-12-04,2.82,0,,8.57,9.54,False,False
04-12-2024 09:00,ALTNY,89.95,94.05,89.7,93.05,12010575.0,1.0,3.1,0.35,785.71,3.1,6435274.6,86.64,0.32,True,57.53,2024-12-04,3.45,0,,86.55,102.8,False,False
04-12-2024 09:00,VESTL,64.05,70.0,63.3,69.4,13953823.0,0.6,5.35,1.25,328.0,5.35,5141554.2,171.39,0.11,True,74.12,2024-12-04,8.78,0,,56.25,ATH,False,False
03-12-2024 09:00,DCTTR,26.6,29.0,26.6,28.78,7020463.0,0.22,2.18,0.49,343.09,2.18,3469433.7,102.35,0.1,True,77.87,2024-12-03,8.6,0,,22.4,ATH,False,False
03-12-2024 09:00,BMSCH,38.18,41.84,38.18,41.84,2963250.0,0.0,3.66,1.06,244.63,3.66,1731696.7,71.12,0.0,True,87.13,2024-12-03,9.99,0,,25.18,ATH,False,False
02-12-2024 09:00,MZHLD,6.96,7.65,6.92,7.65,9224849.0,0.0,0.69,0.07,858.33,0.69,2389500.5,286.06,0.0,True,72.16,2024-12-02,9.91,0,,6.22,ATH,False,False
02-12-2024 09:00,SEKFK,7.7,8.38,7.67,8.38,8702933.0,0.0,0.68,0.01,5566.67,0.68,4125561.6,110.95,0.0,True,64.91,2024-12-02,9.97,0,,7.59,ATH,False,False
02-12-2024 09:00,DOAS,214.0,227.2,210.1,224.0,3166718.0,3.2,10.0,1.23,713.01,10.0,1452065.9,118.08,0.32,True,66.07,2024-12-02,4.67,0,,202.3,ATH,False,False
02-12-2024 09:00,PAPIL,13.08,14.38,13.08,14.38,41284136.0,0.0,1.3,0.23,473.53,1.3,19611849.37,110.51,0.0,True,78.19,2024-12-02,9.94,0,,9.73,ATH,False,False
02-12-2024 09:00,ARASE,51.75,55.1,51.3,54.45,2088442.0,0.65,2.7,0.31,785.25,2.7,1050192.2,98.86,0.24,True,54.07,2024-12-02,4.81,0,,49.0,62.8,True,False
29-11-2024 09:00,BTCIM,4.65,4.94,4.65,4.93,54875038.75,0.0,0.28,0.04,556.49,0.28,31709532.52,73.06,0.01,True,62.08,2024-11-29,5.74,0,,4.13,5.24,False,False
29-11-2024 09:00,TKNSA,29.1,30.74,28.52,30.6,3977397.0,0.14,1.5,0.19,673.2,1.5,2593771.2,53.34,0.09,True,78.17,2024-11-29,5.15,0,,24.94,ATH,False,False
29-11-2024 09:00,ANSGR,89.0,94.8,88.05,93.95,4697676.0,0.85,4.95,0.16,3093.55,4.95,2577486.9,82.26,0.17,True,69.0,2024-11-29,8.36,0,,80.3,ATH,False,False
28-11-2024 09:00,YYAPI,2.02,2.22,1.99,2.22,153711862.87,0.0,0.2,0.05,312.7,0.2,81575764.83,88.43,0.0,True,79.53,2024-11-28,9.93,0,,1.43,ATH,False,False
28-11-2024 09:00,TBORG,130.0,135.8,126.2,135.2,810319.0,0.6,5.2,0.35,1385.71,5.2,434417.4,86.53,0.12,True,61.98,2024-11-28,3.76,0,,123.5,144.4,False,False
28-11-2024 09:00,OFSYM,39.08,40.6,38.5,40.34,1195235.0,0.26,1.26,0.06,1868.75,1.26,727140.0,64.37,0.21,True,70.55,2024-11-28,2.96,0,,33.46,ATH,False,False
27-11-2024 09:00,ULAS,30.04,32.72,29.6,32.6,1116384.0,0.12,2.56,0.92,177.66,2.56,376827.7,196.26,0.05,True,63.48,2024-11-27,6.61,0,,25.0,ATH,False,False
27-11-2024 09:00,EPLAS,5.95,6.5,5.79,6.35,14714663.0,0.15,0.4,0.11,257.14,0.4,5525781.5,166.29,0.38,True,85.25,2024-11-27,6.19,0,,ATL,ATH,False,False
26-11-2024 09:00,GOZDE,26.26,27.08,26.2,27.08,3508077.0,0.0,0.82,0.07,1071.43,0.82,2103578.3,66.77,0.0,True,61.16,2024-11-26,3.44,0,,24.12,ATH,False,False
26-11-2024 09:00,INFO,2.19,2.4,2.17,2.38,23123853.04,0.02,0.19,0.02,690.0,0.19,9137045.45,153.08,0.09,True,75.4,2024-11-26,9.15,0,,1.91,ATH,False,False
26-11-2024 09:00,ETILR,15.17,16.41,15.11,16.4,27240414.24,0.01,1.23,0.41,201.3,1.23,17270580.77,57.73,0.01,True,74.55,2024-11-26,8.85,0,,10.7,ATH,False,False
25-11-2024 09:00,VAKKO,88.0,95.2,87.9,95.2,2840799.0,0.0,7.2,0.96,646.11,7.2,1250643.3,127.15,0.0,True,67.09,2024-11-25,9.99,0,,75.2,ATH,False,False
25-11-2024 09:00,PARSN,85.5,89.9,85.0,89.9,1801029.0,0.0,4.4,0.03,14566.67,4.4,468863.6,284.13,0.0,True,66.2,2024-11-25,9.97,0,,78.6,ATH,False,False
25-11-2024 09:00,LYDHO,98.0,106.9,98.0,106.9,902963.0,0.0,8.9,1.1,709.09,8.9,516186.5,74.93,0.0,True,69.28,2024-11-25,9.92,0,,81.0,ATH,False,False
22-11-2024 09:00,BSOKE,13.15,14.46,13.06,14.45,33328185.57,0.01,1.3,0.17,642.13,1.3,8743637.42,281.17,0.01,True,71.05,2024-11-22,9.87,0,,11.3,ATH,False,False
22-11-2024 09:00,KUVVA,46.1,49.46,46.1,49.46,160048.0,0.0,3.36,0.17,1853.49,3.36,64125.0,149.59,0.0,True,72.82,2024-11-22,9.91,0,,40.0,ATH,False,False
22-11-2024 09:00,BOSSA,6.61,7.11,6.48,7.11,18084114.0,0.0,0.5,0.06,681.25,0.5,6396813.0,182.71,0.0,True,71.57,2024-11-22,9.89,0,,5.93,ATH,False,False
21-11-2024 09:00,KOPOL,5.15,5.56,5.06,5.56,62197370.0,0.0,0.41,0.02,2441.67,0.41,13530610.3,359.68,0.0,True,63.15,2024-11-21,9.95,0,,4.97,5.9,False,False
21-11-2024 09:00,KOZAL,20.3,21.56,20.12,21.56,221483523.0,0.0,1.26,0.14,768.97,1.26,98819024.7,124.13,0.0,True,66.77,2024-11-21,10.0,0,,18.47,ATH,False,False
21-11-2024 09:00,KLSER,32.26,35.3,32.08,35.3,6406530.0,0.0,3.04,0.28,978.01,3.04,2058834.2,211.17,0.0,True,57.19,2024-11-21,9.97,0,,32.0,36.0,False,False
20-11-2024 09:00,OZRDN,7.64,8.4,7.56,8.4,4130908.0,0.0,0.76,0.06,1257.14,0.76,1175278.8,251.48,0.0,True,62.71,2024-11-20,9.95,2,7.56,7.56,8.63,False,False
20-11-2024 09:00,ORCAY,9.48,10.17,9.41,10.17,26055781.0,0.0,0.69,0.12,475.0,0.69,5300291.0,391.59,0.0,True,72.23,2024-11-20,9.95,1,10.17,8.42,ATH,False,False
19-11-2024 09:00,MHRGY,4.71,5.01,4.65,4.93,9094726.0,0.08,0.22,0.04,494.59,0.22,3758932.0,141.95,0.36,True,74.26,2024-11-19,4.67,0,,4.38,ATH,False,False
18-11-2024 09:00,ECILC,42.76,46.0,42.46,45.8,10102902.0,0.2,3.04,0.56,442.86,3.04,4076833.2,147.81,0.07,True,78.29,2024-11-18,7.21,0,,ATL,ATH,False,False
18-11-2024 09:00,EBEBK,47.88,50.3,47.42,49.9,1721727.0,0.4,2.02,0.36,458.01,2.02,901866.5,90.91,0.2,True,68.26,2024-11-18,4.18,0,,ATL,ATH,False,False
18-11-2024 09:00,TUCLK,10.29,10.66,10.16,10.58,9510286.0,0.08,0.29,0.0,9566.67,0.29,6063980.3,56.83,0.28,True,44.82,2024-11-18,3.22,0,,10.1,11.73,False,False
18-11-2024 09:00,CWENE,23.25,25.43,23.25,25.0,18784056.57,0.43,1.74,0.31,455.12,1.74,10267141.82,82.95,0.25,True,71.47,2024-11-18,7.62,0,,ATL,ATH,False,False
18-11-2024 09:00,FENER,45.39,49.0,44.92,48.02,11562163.71,0.99,2.62,0.51,414.77,2.62,5672744.94,103.82,0.38,True,72.8,2024-11-18,6.29,0,,41.48,ATH,False,False
15-11-2024 09:00,KMPUR,17.4,18.5,17.22,18.5,4963467.0,0.0,1.1,0.09,1164.37,1.1,1614060.6,207.51,0.0,True,67.26,2024-11-15,7.0,0,,16.41,ATH,False,False
15-11-2024 09:00,COSMO,113.4,122.0,112.9,120.0,376141.0,2.0,6.6,0.46,1334.78,6.6,235155.7,59.95,0.3,True,71.54,2024-11-15,5.82,0,,99.5,126.1,False,False
15-11-2024 09:00,UNLU,13.45,14.07,13.45,14.07,735467.0,0.0,0.62,0.08,646.99,0.62,435413.3,68.91,0.0,True,65.97,2024-11-15,4.61,0,,12.56,ATH,False,False
15-11-2024 09:00,MARTI,3.53,3.73,3.5,3.72,20703901.0,0.01,0.19,0.03,630.77,0.19,13264727.3,56.08,0.05,True,75.57,2024-11-15,5.98,0,,ATL,ATH,False,False
12-11-2024 09:00,AVHOL,35.1,37.94,33.8,37.2,9268044.0,0.74,2.1,0.09,2286.36,2.1,1412006.9,556.37,0.35,True,71.6,2024-11-12,7.83,0,,ATL,ATH,False,False
11-11-2024 09:00,FADE,14.56,15.85,14.56,15.85,3923370.0,0.0,1.29,0.15,783.56,1.29,1005569.4,290.16,0.0,True,76.69,2024-11-11,9.99,0,,ATL,ATH,False,False
11-11-2024 09:00,LOGO,112.0,117.2,111.0,116.7,882265.0,0.5,4.7,0.69,581.16,4.7,391807.5,125.18,0.11,True,74.18,2024-11-11,6.77,0,,ATL,ATH,False,False
11-11-2024 09:00,IZINV,44.98,48.38,44.76,47.76,311109.0,0.62,2.78,0.09,3059.09,2.78,136222.7,128.38,0.22,True,61.64,2024-11-11,6.89,0,,43.06,ATH,False,False
11-11-2024 09:00,NTHOL,43.46,47.78,43.46,47.6,2843256.0,0.18,4.14,0.86,379.17,4.14,1589735.9,78.85,0.04,True,79.41,2024-11-11,9.53,0,,ATL,ATH,False,False
11-11-2024 09:00,KARYE,27.56,29.58,27.5,29.58,8973427.0,0.0,2.02,0.34,497.63,2.02,2433291.6,268.78,0.0,True,76.48,2024-11-11,9.96,0,,24.9,ATH,False,False
11-11-2024 09:00,IMASM,2.54,2.6,2.44,2.6,41573521.0,0.0,0.06,0.01,900.0,0.06,11702989.3,255.24,0.0,True,66.15,2024-11-11,9.7,0,,2.21,ATH,False,False
11-11-2024 09:00,ARDYZ,34.84,37.44,34.64,36.82,5058266.0,0.62,1.98,0.67,195.52,1.98,3274800.6,54.46,0.31,True,83.21,2024-11-11,6.72,1,37.44,ATL,37.44,False,False
11-11-2024 09:00,SEKUR,13.15,14.05,13.14,13.96,2693735.0,0.09,0.81,0.18,347.51,0.81,1259983.7,113.79,0.11,True,88.3,2024-11-11,6.32,1,14.05,ATL,14.05,False,False
11-11-2024 09:00,AVGYO,9.45,10.39,9.39,10.39,5196773.0,0.0,0.94,0.12,664.23,0.94,3392608.5,53.18,0.0,True,77.63,2024-11-11,9.95,0,,8.06,ATH,False,False
11-11-2024 09:00,BAKAB,40.12,44.12,38.62,44.12,2900034.0,0.0,4.0,0.1,3981.63,4.0,1384107.9,109.52,0.0,True,75.93,2024-11-11,9.97,0,,ATL,ATH,False,False
08-11-2024 09:00,FZLGY,18.9,20.4,18.3,19.98,13321570.0,0.42,1.08,0.19,453.85,1.08,6214405.4,114.37,0.39,True,77.13,2024-11-08,5.71,0,,ATL,ATH,False,False
08-11-2024 09:00,ISDMR,36.32,37.2,36.16,37.0,4118624.0,0.2,0.68,0.16,335.9,0.68,2040794.0,101.81,0.29,True,66.26,2024-11-08,1.82,0,,34.92,ATH,False,False
08-11-2024 09:00,BEYAZ,21.96,24.08,21.94,24.08,4030876.0,0.0,2.12,0.23,838.05,2.12,1494639.8,169.69,0.0,True,71.59,2024-11-08,9.95,0,,21.04,ATH,False,False
08-11-2024 09:00,KCHOL,162.1,172.2,161.6,171.4,22914158.0,0.8,9.3,0.06,15400.0,9.3,14157679.0,61.85,0.09,True,50.39,2024-11-08,4.26,0,,160.2,ATH,False,False
08-11-2024 09:00,YKSLN,7.19,7.7,7.18,7.61,2408648.0,0.09,0.42,0.0,10400.0,0.42,977516.5,146.4,0.21,True,53.04,2024-11-08,5.84,0,,6.92,ATH,False,False
08-11-2024 09:00,YKBNK,23.64,25.44,23.6,25.34,264150494.0,0.1,1.7,0.07,2475.76,1.7,134015349.1,97.1,0.06,True,55.19,2024-11-08,7.19,0,,22.66,ATH,False,False
08-11-2024 09:00,SAHOL,80.0,83.4,79.65,83.0,25331810.0,0.4,3.0,0.09,3057.89,3.0,15918277.9,59.14,0.13,True,46.19,2024-11-08,3.75,0,,79.1,ATH,False,False
08-11-2024 09:00,KONTR,46.24,50.65,45.8,50.5,35919375.0,0.15,4.26,0.55,677.37,4.26,16731482.3,114.68,0.04,True,78.16,2024-11-08,9.35,0,,40.5,ATH,False,False
08-11-2024 09:00,XBANK,11695.81,12392.84,11649.54,12298.91,1219565290.0,93.93,603.1,8.05,7390.06,603.1,709450369.7,71.9,0.16,True,51.71,2024-11-08,5.2,0,,11190.85,ATH,False,False
08-11-2024 09:00,GOKNR,24.54,25.94,24.54,25.72,3242752.0,0.22,1.18,0.07,1538.89,1.18,2146028.9,51.1,0.19,True,60.56,2024-11-08,4.81,0,,ATL,ATH,False,False
08-11-2024 09:00,MIATK,42.52,45.4,42.32,45.08,29399030.0,0.32,2.56,0.34,648.54,2.56,16728336.3,75.74,0.13,True,70.64,2024-11-08,6.52,0,,ATL,ATH,False,False
08-11-2024 09:00,ARSAN,21.2,22.42,21.14,22.42,1142744.0,0.0,1.22,0.01,15150.0,1.22,725414.7,57.53,0.0,True,64.46,2024-11-08,5.85,0,,20.74,ATH,False,False
08-11-2024 09:00,DAPGM,4.47,4.89,4.46,4.89,34496002.0,0.0,0.42,0.02,1650.0,0.42,15385147.4,124.22,0.0,True,72.62,2024-11-08,9.89,0,,4.36,ATH,False,False
07-11-2024 09:00,TTRAK,734.5,756.0,734.5,755.0,637635.0,1.0,20.5,3.85,432.47,20.5,301465.3,111.51,0.05,True,71.13,2024-11-07,3.21,0,,713.5,ATH,False,False
07-11-2024 09:00,ALARK,86.35,93.35,86.0,92.5,8433493.0,0.85,6.15,0.75,714.57,6.15,3924936.4,114.87,0.14,True,66.49,2024-11-07,7.12,0,,81.7,ATH,False,False
07-11-2024 09:00,BRISA,79.25,86.5,79.25,85.75,1204643.0,0.75,6.5,0.55,1081.82,6.5,341028.2,253.24,0.12,True,62.31,2024-11-07,8.34,0,,78.0,ATH,False,False
07-11-2024 09:00,TCELL,85.65,89.0,85.5,89.0,29981371.0,0.0,3.35,0.01,33400.0,3.35,19106203.5,56.92,0.0,True,62.22,2024-11-07,4.58,0,,82.5,ATH,False,False
06-11-2024 09:00,EREGL,23.75,24.51,23.44,24.38,247302346.0,0.13,0.63,0.03,1868.75,0.63,139197521.8,77.66,0.21,True,55.77,2024-11-06,2.09,0,,22.75,ATH,False,False
06-11-2024 09:00,AYGAZ,152.0,157.2,147.3,156.5,562098.0,0.7,4.5,0.22,1945.45,4.5,307986.0,82.51,0.16,True,72.05,2024-11-06,3.1,2,147.3,147.3,ATH,False,False
06-11-2024 09:00,ENKAI,48.48,52.4,48.38,51.95,40260104.0,0.45,3.47,0.23,1402.16,3.47,13838840.5,190.92,0.13,True,70.45,2024-11-06,8.77,0,,ATL,ATH,False,False
05-11-2024 09:00,IHLGM,1.12,1.23,1.1,1.23,94754968.0,0.0,0.11,0.01,1122.22,0.11,23396620.4,304.99,0.0,True,71.81,2024-11-05,9.82,0,,ATL,ATH,False,False
05-11-2024 09:00,LUKSK,77.0,82.95,75.0,82.95,472390.0,0.0,5.95,0.34,1624.64,5.95,157135.9,200.63,0.0,True,65.66,2024-11-05,7.73,0,,ATL,ATH,False,False
04-11-2024 09:00,NTGAZ,4.78,5.2,4.64,5.2,30123958.0,0.0,0.42,0.06,624.14,0.42,7772786.3,287.56,0.0,True,89.77,2024-11-04,9.94,0,,ATL,ATH,False,False
31-10-2024 09:00,RUBNS,24.98,26.0,24.6,26.0,1816814.0,0.0,1.02,0.15,562.34,1.02,845293.5,114.93,0.0,True,,2024-10-31,1.33,0,,ATL,ATH,False,False
31-10-2024 09:00,DURDO,17.94,20.14,17.53,19.89,2559402.0,0.25,1.95,0.71,174.26,1.95,1613300.7,58.64,0.13,True,,2024-10-31,8.63,0,,ATL,ATH,False,False
30-10-2024 09:00,DESPC,46.58,51.0,46.58,50.3,760013.0,0.7,3.72,0.21,1654.72,3.72,444933.9,70.81,0.19,True,,2024-10-30,7.99,0,,ATL,ATH,False,False
30-10-2024 09:00,CVKMD,8.52,9.37,8.51,9.37,45658366.67,0.0,0.85,0.06,1348.72,0.85,27731096.67,64.65,0.0,True,,2024-10-30,9.95,0,,ATL,ATH,False,False
28-10-2024 09:00,BANVT,341.0,375.0,341.0,375.0,641359.0,0.0,34.0,5.9,476.27,34.0,402993.7,59.15,0.0,True,,2024-10-28,9.97,0,,ATL,ATH,False,False
25-10-2024 09:00,KERVT,12.85,13.65,12.7,13.55,4727085.0,0.1,0.7,0.19,276.34,0.7,2892079.8,63.45,0.14,True,,2024-10-25,5.86,0,,ATL,ATH,False,False
24-10-2024 09:00,OZYSR,27.1,29.5,27.1,29.5,13027140.0,0.0,2.4,0.39,509.14,2.4,2992478.4,335.33,0.0,True,,2024-10-24,9.26,0,,ATL,ATH,False,False
24-10-2024 09:00,METUR,16.5,16.9,16.31,16.9,3718953.0,0.0,0.4,0.18,128.57,0.4,2256275.9,64.83,0.0,True,,2024-10-24,3.55,0,,ATL,ATH,False,False
