Tarih,Hisse,open,high,low,close,volume,YuksekKapanis_Fark,AcilisKapanis_Fark,AcilisKapanisFark_Ort,AcilisKapanisFark_OrtalamayaGoreDegisim,AcilisKapanisFarkOrt_MaxSon10,HacimOrtalama,%Hacim_HacimOrtalama,Fark_Orani,Kosul,rsi,MACD_12_26_9,MACDh_12_26_9,MACDs_12_26_9,Tarih1,prev_close,%Deg,isPivot,pointpos,destek,direnc,Tsinyal_Banker_Dip,Tsinyal_Banker_DipKarar
22-09-2025 17:00,ALKA,12.09,13.22,12.07,13.22,8763055.0,0.0,1.13,0.12,865.81,1.13,2636462.3,232.38,0.0,True,84.05,0.36,0.0,0.35,2025-09-22,12.02,9.98,0,,8.63,ATH,False,False
22-09-2025 17:00,MNDRS,16.79,17.6,16.74,17.51,1583328.0,0.09,0.72,0.05,1369.39,0.72,516210.6,206.72,0.12,True,60.16,-0.11,0.06,-0.17,2025-09-22,16.8,4.23,0,,16.4,18.9,True,False
22-09-2025 17:00,BMSTL,69.5,70.55,69.45,70.35,261414.0,0.2,0.85,0.06,1316.67,0.85,155441.0,68.18,0.24,True,48.38,-0.62,0.19,-0.81,2025-09-22,69.1,1.81,0,,67.4,75.9,False,False
22-09-2025 17:00,GESAN,48.28,48.74,48.24,48.62,905438.0,0.12,0.34,0.05,529.63,0.34,454923.3,99.03,0.35,True,69.9,0.43,0.04,0.38,2025-09-22,47.42,2.53,0,,46.3,48.8,False,False
22-09-2025 17:00,BURCE,18.64,19.43,18.55,19.43,1338189.0,0.0,0.79,0.05,1580.85,0.79,594863.7,124.96,0.0,True,70.76,0.26,-0.0,0.26,2025-09-22,18.7,3.9,0,,17.25,ATH,False,False
22-09-2025 17:00,EMKEL,115.7,119.4,115.5,118.9,1219087.0,0.5,3.2,0.06,5233.33,3.2,631366.9,93.09,0.16,True,48.83,-1.75,0.05,-1.81,2025-09-22,118.1,0.68,0,,112.5,131.6,False,False
22-09-2025 17:00,REEDR,11.22,11.99,11.22,11.78,43300378.0,0.21,0.56,0.06,761.54,0.56,8170850.4,429.94,0.38,True,80.72,0.14,0.04,0.1,2025-09-22,10.94,7.68,0,,10.73,ATH,False,False
22-09-2025 17:00,DAPGM,15.13,16.0,14.95,16.0,21333739.0,0.0,0.87,0.1,806.25,0.87,10151656.9,110.15,0.0,True,56.38,-0.29,0.18,-0.47,2025-09-22,14.6,9.59,0,,14.5,17.92,True,False
22-09-2025 17:00,ESEN,13.28,13.65,13.11,13.59,7584957.0,0.06,0.31,0.11,189.72,0.31,4761962.0,59.28,0.19,True,92.23,0.34,0.1,0.25,2025-09-22,12.51,8.63,0,,11.88,ATH,False,False
22-09-2025 16:00,TUCLK,10.82,11.01,10.77,10.98,1011666.0,0.03,0.16,0.02,841.18,0.16,636442.5,58.96,0.19,True,59.42,0.03,0.02,0.02,2025-09-22,10.81,1.57,0,,10.5,11.26,False,False
22-09-2025 16:00,OZYSR,32.96,33.44,32.96,33.4,184989.0,0.04,0.44,0.0,21900.0,0.44,109436.7,69.04,0.09,True,57.87,0.08,0.04,0.04,2025-09-22,33.0,1.21,0,,32.32,33.64,False,False
22-09-2025 16:00,INFO,3.89,4.03,3.88,4.0,11264697.0,0.03,0.11,0.02,587.5,0.11,3484203.8,223.31,0.27,True,70.69,0.06,0.02,0.04,2025-09-22,3.78,5.82,0,,3.66,ATH,False,False
22-09-2025 16:00,ULUUN,8.1,8.35,8.1,8.28,1955291.0,0.07,0.18,0.02,682.61,0.18,604836.8,223.28,0.39,True,69.49,0.09,0.01,0.08,2025-09-22,8.02,3.24,0,,7.82,ATH,False,False
22-09-2025 16:00,GMTAS,26.36,27.36,26.32,27.14,445344.0,0.22,0.78,0.08,851.22,0.78,114666.4,288.38,0.28,True,78.85,0.33,0.05,0.28,2025-09-22,26.1,3.98,0,,24.96,ATH,False,False
22-09-2025 16:00,NTGAZ,9.53,9.72,9.52,9.68,1364628.0,0.04,0.15,0.0,3650.0,0.15,663914.9,105.54,0.27,True,60.98,-0.01,0.03,-0.04,2025-09-22,9.46,2.33,0,,9.28,10.06,False,False
22-09-2025 16:00,AHSGY,42.5,44.68,42.2,44.52,934365.0,0.16,2.02,0.06,3056.25,2.02,345600.7,170.36,0.08,True,51.48,-0.89,-0.02,-0.87,2025-09-22,42.22,5.45,0,,43.86,49.2,True,True
22-09-2025 15:00,OYLUM,9.78,10.05,9.76,10.0,301595.0,0.05,0.22,0.07,209.86,0.22,181799.6,65.89,0.23,True,78.79,0.18,0.04,0.14,2025-09-22,9.4,6.38,0,,9.1,ATH,False,False
22-09-2025 15:00,ATATP,157.5,161.8,157.4,161.3,242236.0,0.5,3.8,0.45,744.44,3.8,113235.2,113.92,0.13,True,74.96,2.02,0.39,1.63,2025-09-22,154.5,4.4,0,,149.9,ATH,False,False
22-09-2025 15:00,CRDFA,20.16,20.98,20.12,20.98,240012.0,0.0,0.82,0.06,1222.58,0.82,153968.1,55.88,0.0,True,61.77,-0.15,0.07,-0.22,2025-09-22,20.02,4.8,0,,20.46,21.5,True,False
22-09-2025 15:00,MIATK,46.24,47.16,46.12,46.9,15789194.0,0.26,0.66,0.08,746.15,0.66,4309022.4,266.42,0.39,True,72.94,0.49,0.01,0.48,2025-09-22,45.58,2.9,0,,ATL,ATH,False,False
22-09-2025 15:00,YKSLN,6.11,6.32,6.1,6.32,5231340.0,0.0,0.21,0.01,1515.38,0.21,1253155.9,317.45,0.0,True,65.03,0.03,0.02,0.01,2025-09-22,6.04,4.64,0,,5.91,6.39,False,False
22-09-2025 15:00,ESCAR,19.14,19.9,19.13,19.84,7584797.0,0.06,0.7,0.07,914.49,0.7,3919448.7,93.52,0.09,True,58.67,-0.22,0.14,-0.36,2025-09-22,19.0,4.42,0,,18.66,20.78,True,False
22-09-2025 15:00,GEDZA,29.4,29.82,29.36,29.72,205380.0,0.1,0.32,0.02,1677.78,0.32,95975.9,113.99,0.31,True,62.82,0.17,-0.03,0.2,2025-09-22,29.22,1.71,0,,28.86,29.88,False,False
22-09-2025 14:00,BIGEN,11.98,12.28,11.97,12.25,3609346.0,0.03,0.27,0.04,513.64,0.27,1960480.0,84.11,0.11,True,68.65,0.12,0.01,0.11,2025-09-22,11.86,3.29,0,,11.59,12.46,False,False
22-09-2025 14:00,KTLEV,13.37,13.94,13.35,13.81,18835874.0,0.13,0.44,0.05,856.52,0.44,11262404.5,67.25,0.3,True,53.47,-0.19,0.09,-0.27,2025-09-22,13.31,3.76,0,,12.41,15.74,False,False
22-09-2025 13:00,ENJSA,77.65,79.2,77.55,78.95,783844.0,0.25,1.3,0.34,282.35,1.3,407150.7,92.52,0.19,True,74.36,0.6,0.4,0.21,2025-09-22,74.25,6.33,0,,73.4,ATH,False,False
22-09-2025 13:00,DOFER,53.25,54.6,53.15,54.4,310869.0,0.2,1.15,0.26,350.98,1.15,182447.2,70.39,0.17,True,62.71,0.5,0.11,0.4,2025-09-22,53.85,1.02,0,,51.0,54.65,False,False
22-09-2025 13:00,RUZYE,11.57,12.5,11.55,12.47,9006556.0,0.03,0.9,0.15,504.03,0.9,4373404.1,105.94,0.03,True,73.98,0.37,0.12,0.24,2025-09-22,11.59,7.59,0,,10.43,ATH,False,False
22-09-2025 13:00,EPLAS,7.09,7.39,7.02,7.39,2886035.0,0.0,0.3,0.04,689.47,0.3,1428015.4,102.1,0.0,True,65.71,0.12,0.02,0.1,2025-09-22,6.98,5.87,0,,6.87,ATH,False,False
22-09-2025 13:00,GENTS,8.72,8.87,8.71,8.87,1681324.0,0.0,0.15,0.02,650.0,0.15,1050267.2,60.09,0.0,True,67.9,0.11,0.06,0.05,2025-09-22,8.29,7.0,0,,8.05,ATH,False,False
22-09-2025 12:00,CELHA,9.65,10.15,9.64,10.04,1932078.0,0.11,0.39,0.02,1672.73,0.39,524690.4,268.23,0.28,True,59.32,0.0,-0.02,0.02,2025-09-22,9.71,3.4,0,,9.59,10.75,False,False
22-09-2025 12:00,DENGE,3.05,3.11,3.05,3.11,6075314.0,0.0,0.06,0.01,650.0,0.06,3983577.2,52.51,0.0,True,68.51,0.03,0.01,0.02,2025-09-22,2.99,4.01,0,,2.93,ATH,False,False
22-09-2025 12:00,FRIGO,9.39,9.7,9.31,9.65,3265338.0,0.05,0.26,0.05,453.19,0.26,2160688.1,51.12,0.19,True,81.33,0.18,0.04,0.15,2025-09-22,9.12,5.81,0,,8.81,ATH,False,False
22-09-2025 12:00,KZBGY,15.3,15.64,15.2,15.55,5628754.0,0.09,0.25,0.06,323.73,0.25,2074543.0,171.33,0.36,True,77.38,0.2,0.05,0.16,2025-09-22,15.0,3.67,0,,14.6,ATH,False,False
22-09-2025 12:00,SARKY,14.03,14.29,13.84,14.26,1719460.0,0.03,0.23,0.0,11400.0,0.23,778582.2,120.85,0.13,True,60.54,0.09,-0.0,0.09,2025-09-22,14.1,1.13,0,,13.5,14.45,False,False
22-09-2025 12:00,VKING,31.02,31.6,30.92,31.44,196725.0,0.16,0.42,0.08,425.0,0.42,89573.6,119.62,0.38,True,61.02,0.17,0.02,0.15,2025-09-22,30.44,3.29,0,,30.04,ATH,False,False
22-09-2025 12:00,KUTPO,116.6,127.0,115.9,125.1,558479.0,1.9,8.5,0.49,1634.69,8.5,165148.8,238.17,0.22,True,61.89,0.55,-0.19,0.74,2025-09-22,119.2,4.95,0,,110.3,130.0,False,False
22-09-2025 12:00,AYDEM,19.36,19.85,19.34,19.81,1777881.0,0.04,0.45,0.08,462.5,0.45,641596.1,177.1,0.09,True,72.54,0.16,0.06,0.1,2025-09-22,19.02,4.15,0,,18.65,ATH,False,False
22-09-2025 12:00,EGEPO,8.64,8.93,8.63,8.89,1902183.0,0.04,0.25,0.03,733.33,0.25,725349.3,162.24,0.16,True,67.53,0.02,0.03,-0.01,2025-09-22,8.56,3.86,0,,8.28,9.04,False,False
22-09-2025 12:00,SEYKM,7.47,7.9,7.46,7.85,380141.0,0.05,0.38,0.04,955.56,0.38,218760.3,73.77,0.13,True,68.67,0.08,0.02,0.06,2025-09-22,7.6,3.29,0,,7.41,ATH,False,False
22-09-2025 11:00,OYAKC,21.82,22.08,21.74,22.02,7690378.0,0.06,0.2,0.05,334.78,0.2,3859461.9,99.26,0.3,True,71.55,0.12,0.08,0.04,2025-09-22,21.48,2.51,0,,20.96,ATH,False,False
22-09-2025 11:00,BULGS,35.28,36.06,35.18,35.9,1815125.0,0.16,0.62,0.17,269.05,0.62,613567.7,195.83,0.26,True,65.52,0.03,0.13,-0.11,2025-09-22,34.78,3.22,0,,33.86,36.28,False,False
22-09-2025 11:00,LYDHO,138.9,144.4,138.9,143.9,867161.0,0.5,5.0,0.05,9900.0,5.0,167012.5,419.22,0.1,True,70.52,2.34,-0.34,2.68,2025-09-22,137.3,4.81,0,,135.5,145.7,False,False
22-09-2025 11:00,IHLAS,4.0,4.24,4.0,4.24,61397838.0,0.0,0.24,0.04,458.14,0.24,20551426.1,198.75,0.0,True,85.25,0.07,0.04,0.03,2025-09-22,3.86,9.84,0,,3.66,ATH,False,False
22-09-2025 11:00,ESCOM,3.27,3.36,3.26,3.35,9996509.0,0.01,0.08,0.0,3900.0,0.08,4271925.7,134.0,0.12,True,73.32,0.04,0.0,0.03,2025-09-22,3.23,3.72,0,,3.14,ATH,False,False
22-09-2025 11:00,EGEGY,28.86,29.28,28.8,29.2,340283.0,0.08,0.34,0.03,1207.69,0.34,111954.0,203.95,0.24,True,58.05,-0.0,0.03,-0.03,2025-09-22,28.78,1.46,0,,28.54,29.58,False,False
22-09-2025 11:00,UNLU,15.58,16.27,15.55,16.14,1348071.0,0.13,0.56,0.09,508.7,0.56,421366.1,219.93,0.23,True,79.57,0.14,0.08,0.07,2025-09-22,15.3,5.49,0,,14.99,ATH,False,False
22-09-2025 11:00,EGPRO,29.3,30.04,29.16,30.04,464348.0,0.0,0.74,0.1,611.54,0.74,183009.4,153.73,0.0,True,71.84,0.26,0.08,0.17,2025-09-22,28.9,3.94,0,,28.02,ATH,False,False
22-09-2025 11:00,GSRAY,1.56,1.59,1.55,1.59,125715975.0,0.0,0.03,0.0,900.0,0.03,75073019.5,67.46,0.0,True,58.21,-0.0,0.0,-0.0,2025-09-22,1.54,3.25,0,,1.51,1.63,False,False
22-09-2025 11:00,IHLGM,3.14,3.28,3.14,3.24,31322881.0,0.04,0.1,0.02,488.24,0.1,10662463.2,193.77,0.4,True,76.29,0.03,0.02,0.01,2025-09-22,3.02,7.28,0,,2.94,ATH,False,False
22-09-2025 11:00,IEYHO,21.02,23.74,21.02,23.32,17443575.0,0.42,2.3,0.35,557.14,2.3,7971095.7,118.84,0.18,True,66.08,0.87,-0.1,0.97,2025-09-22,23.34,-0.09,0,,21.02,ATH,False,False
22-09-2025 11:00,IHYAY,2.8,2.96,2.8,2.92,9757083.0,0.04,0.12,0.02,650.0,0.12,2954690.8,230.22,0.33,True,75.23,0.01,0.01,-0.0,2025-09-22,2.75,6.18,0,,2.63,ATH,False,False
22-09-2025 11:00,GSDHO,4.98,5.05,4.95,5.04,1810748.0,0.01,0.06,0.01,757.14,0.06,873973.9,107.19,0.17,True,68.21,0.03,0.01,0.01,2025-09-22,4.9,2.86,0,,4.8,ATH,False,False
22-09-2025 11:00,IHEVA,3.15,3.29,3.1,3.25,5356930.0,0.04,0.1,0.01,900.0,0.1,1606384.1,233.48,0.4,True,74.44,0.1,-0.01,0.11,2025-09-22,3.15,3.17,0,,2.35,ATH,False,False
22-09-2025 10:00,SANKO,25.28,25.7,25.28,25.7,226300.0,0.0,0.42,0.04,1066.67,0.42,64100.2,253.04,0.0,True,63.54,-0.05,0.08,-0.12,2025-09-22,25.06,2.55,0,,24.7,27.58,False,False
22-09-2025 10:00,TCKRC,53.8,57.25,53.15,57.05,1101043.0,0.2,3.25,0.35,842.03,3.25,199533.9,451.81,0.06,True,72.02,0.46,0.12,0.35,2025-09-22,53.0,7.64,1,57.25,51.35,57.25,False,False
22-09-2025 10:00,ENDAE,17.06,17.45,17.06,17.43,786164.0,0.02,0.37,0.06,560.71,0.37,241165.1,225.99,0.05,True,63.37,0.03,0.02,0.01,2025-09-22,17.0,2.53,0,,16.76,17.63,False,False
22-09-2025 10:00,KAPLM,478.5,527.0,477.5,527.0,301161.0,0.0,48.5,2.1,2209.52,48.5,105003.2,186.81,0.0,True,69.43,16.56,-3.87,20.43,2025-09-22,479.25,9.96,0,,340.25,532.5,False,False
22-09-2025 10:00,DCTTR,34.5,35.18,34.04,35.02,2712753.0,0.16,0.52,0.13,306.25,0.52,1119631.2,142.29,0.31,True,84.97,0.68,0.08,0.6,2025-09-22,33.84,3.49,0,,32.36,ATH,False,False
22-09-2025 10:00,MARKA,47.4,51.45,47.38,50.55,1327356.0,0.9,3.15,0.31,900.0,3.15,185048.8,617.3,0.29,True,82.01,0.28,0.23,0.05,2025-09-22,47.3,6.87,0,,46.38,ATH,False,False
22-09-2025 10:00,KOZAA,83.7,85.95,83.25,85.9,3944034.0,0.05,2.2,0.3,645.76,2.2,987159.9,299.53,0.02,True,69.22,0.45,0.27,0.18,2025-09-22,81.8,5.01,0,,80.35,86.15,False,False
22-09-2025 10:00,TURSG,9.16,9.48,9.16,9.42,7344651.0,0.06,0.26,0.02,1525.0,0.26,2509741.0,192.65,0.23,True,63.05,-0.01,0.01,-0.02,2025-09-22,9.03,4.32,0,,9.03,9.56,False,False
22-09-2025 10:00,KOZAL,25.32,26.06,25.32,26.0,38836546.0,0.06,0.68,0.04,1689.47,0.68,14811894.9,162.2,0.09,True,69.05,0.23,0.01,0.22,2025-09-22,25.04,3.83,0,,24.68,ATH,False,False
22-09-2025 10:00,KOTON,19.93,20.56,19.93,20.48,2186672.0,0.08,0.55,0.15,264.24,0.55,914476.5,139.12,0.15,True,66.53,0.01,0.13,-0.11,2025-09-22,19.9,2.91,0,,18.87,20.86,False,False
22-09-2025 10:00,DOFRB,89.75,96.25,89.7,96.25,7013467.0,0.0,6.5,0.94,591.49,6.5,3211747.3,118.37,0.0,True,89.78,5.2,0.5,4.7,2025-09-22,87.5,10.0,0,,65.8,ATH,False,False
22-09-2025 10:00,DOHOL,17.4,17.74,17.35,17.74,4880382.0,0.0,0.34,0.06,507.14,0.34,1725536.1,182.83,0.0,True,66.76,0.0,0.05,-0.05,2025-09-22,17.14,3.5,0,,16.94,17.76,False,False
22-09-2025 10:00,DURKN,17.54,17.98,17.54,17.98,1789355.0,0.0,0.44,0.04,1028.21,0.44,427109.9,318.94,0.0,True,71.22,0.07,0.04,0.02,2025-09-22,17.31,3.87,0,,17.11,ATH,False,False
22-09-2025 10:00,GIPTA,135.1,140.5,135.0,139.9,555296.0,0.6,4.8,0.78,515.38,4.8,201870.3,175.08,0.12,True,68.79,0.97,0.59,0.38,2025-09-22,133.6,4.72,0,,128.5,141.0,False,False
22-09-2025 10:00,ARMGD,34.16,34.56,34.14,34.46,1041038.0,0.1,0.3,0.0,7400.0,0.3,330304.6,215.18,0.33,True,60.4,0.0,0.02,-0.01,2025-09-22,33.82,1.89,0,,33.42,34.8,False,False
22-09-2025 10:00,SOKE,13.3,13.48,13.24,13.43,1307637.0,0.05,0.13,0.03,381.48,0.13,363242.7,259.99,0.38,True,74.36,0.13,0.02,0.12,2025-09-22,13.17,1.97,0,,12.82,ATH,False,False
22-09-2025 10:00,PENTA,17.42,18.53,17.36,18.27,5099163.0,0.26,0.85,0.05,1747.83,0.85,911469.4,459.44,0.31,True,65.38,0.08,-0.01,0.09,2025-09-22,16.99,7.53,1,18.53,16.99,18.53,False,False
22-09-2025 10:00,POLHO,18.06,18.73,18.06,18.55,4484547.0,0.18,0.49,0.04,1095.12,0.49,1869865.0,139.83,0.37,True,53.13,-0.06,-0.03,-0.04,2025-09-22,17.71,4.74,0,,17.71,20.3,False,False
22-09-2025 10:00,AKGRT,6.38,6.46,6.37,6.45,5791724.0,0.01,0.07,0.0,3400.0,0.07,1832330.8,216.09,0.14,True,65.99,0.02,0.01,0.01,2025-09-22,6.31,2.22,0,,6.24,6.47,False,False
22-09-2025 10:00,SERNT,11.3,11.77,11.3,11.71,5825798.0,0.06,0.41,0.08,432.47,0.41,2054696.2,183.54,0.15,True,80.07,0.16,0.04,0.11,2025-09-22,11.2,4.55,1,11.77,10.77,11.77,False,False
22-09-2025 10:00,ARTMS,37.56,38.04,37.56,37.98,305905.0,0.06,0.42,0.01,6900.0,0.42,147637.5,107.2,0.14,True,59.51,0.13,-0.05,0.18,2025-09-22,37.2,2.1,0,,36.84,38.8,False,False
22-09-2025 10:00,ISMEN,45.22,46.8,45.2,46.46,3428852.0,0.34,1.24,0.15,737.84,1.24,936017.9,266.32,0.27,True,66.55,0.06,0.06,-0.0,2025-09-22,44.72,3.89,1,46.8,44.42,46.8,False,False
22-09-2025 10:00,SMRTG,31.0,31.66,30.92,31.52,1698576.0,0.14,0.52,0.07,602.7,0.52,459884.4,269.35,0.27,True,75.89,0.36,0.07,0.29,2025-09-22,30.26,4.16,0,,29.66,ATH,False,False
22-09-2025 10:00,ALKLC,88.1,89.9,87.0,89.9,486646.0,0.0,1.8,0.11,1536.36,1.8,279473.1,74.13,0.0,True,69.1,1.35,0.13,1.22,2025-09-22,88.0,2.16,0,,82.95,ATH,False,False
22-09-2025 10:00,SDTTR,223.5,233.5,223.5,231.2,1293989.0,2.3,7.7,1.29,496.9,7.7,398972.1,224.33,0.3,True,81.32,4.26,1.52,2.74,2025-09-22,217.9,6.1,0,,204.1,ATH,False,False
22-09-2025 10:00,AZTEK,55.3,60.3,55.3,60.3,1949212.0,0.0,5.0,0.7,614.29,5.0,754060.4,158.5,0.0,True,81.58,1.89,0.27,1.62,2025-09-22,54.85,9.94,0,,51.4,ATH,False,False
22-09-2025 10:00,ALTIN,59.14,59.47,59.13,59.43,8624501.0,0.04,0.29,0.02,1426.32,0.29,2433232.5,254.45,0.14,True,72.18,0.22,0.1,0.12,2025-09-22,58.44,1.69,0,,56.64,ATH,False,False
19-09-2025 17:00,DNISI,23.5,24.28,23.38,24.1,1055827.0,0.18,0.6,0.01,5900.0,0.6,309687.4,240.93,0.3,True,58.03,0.0,-0.03,0.04,2025-09-19,23.34,3.26,0,,23.08,24.68,False,False
19-09-2025 17:00,DESA,15.02,15.36,15.02,15.3,833596.0,0.06,0.28,0.01,4566.67,0.28,304736.0,173.55,0.21,True,53.5,-0.11,0.02,-0.13,2025-09-19,15.2,0.66,0,,14.77,16.0,True,True
19-09-2025 17:00,IPEKE,64.75,69.0,64.3,69.0,900814.0,0.0,4.25,0.43,877.01,4.25,322474.8,179.34,0.0,True,71.43,0.65,0.12,0.54,2025-09-19,64.85,6.4,0,,64.2,ATH,False,False
19-09-2025 17:00,ICBCT,17.54,17.95,17.54,17.95,880032.0,0.0,0.41,0.02,1950.0,0.41,394493.7,123.08,0.0,True,56.86,-0.08,-0.02,-0.06,2025-09-19,17.64,1.76,0,,17.2,18.4,False,False
19-09-2025 17:00,DZGYO,7.6,7.99,7.59,7.92,7450780.0,0.07,0.32,0.03,1130.77,0.32,1200651.2,520.56,0.22,True,71.63,0.06,0.01,0.05,2025-09-19,7.58,4.49,0,,7.45,ATH,False,False
19-09-2025 17:00,ENTRA,11.49,12.26,11.46,12.07,18712417.0,0.19,0.58,0.09,523.66,0.58,2981087.2,527.7,0.33,True,80.85,0.07,0.06,0.01,2025-09-19,11.15,8.25,0,,11.08,ATH,False,False
19-09-2025 17:00,ELITE,34.36,34.88,34.16,34.8,193276.0,0.08,0.44,0.0,10900.0,0.44,104764.3,84.49,0.18,True,60.53,0.05,-0.04,0.09,2025-09-19,34.6,0.58,0,,33.84,35.08,False,False
19-09-2025 17:00,GUNDG,97.05,100.0,95.0,100.0,233151.0,0.0,2.95,0.07,4114.29,2.95,125007.5,86.51,0.0,True,46.43,-1.64,-0.12,-1.52,2025-09-19,100.9,-0.89,2,95.0,95.0,106.2,True,True
19-09-2025 17:00,PAPIL,18.33,18.55,18.24,18.52,2394534.0,0.03,0.19,0.01,2614.29,0.19,1532875.7,56.21,0.16,True,52.37,-0.06,-0.02,-0.05,2025-09-19,18.37,0.82,0,,18.16,18.98,False,False
19-09-2025 17:00,GSDDE,10.68,10.89,10.68,10.88,939561.0,0.01,0.2,0.02,1011.11,0.2,377923.6,148.61,0.05,True,70.05,0.07,0.02,0.05,2025-09-19,10.56,3.03,0,,10.43,12.33,False,False
19-09-2025 17:00,MTRKS,28.06,28.9,28.0,28.7,489430.0,0.2,0.64,0.07,841.18,0.64,291517.0,67.89,0.31,True,67.9,0.33,-0.02,0.35,2025-09-19,27.96,2.65,0,,27.74,29.1,False,False
19-09-2025 17:00,ADESE,22.2,22.96,22.18,22.96,11871381.0,0.0,0.76,0.13,493.75,0.76,3944055.8,200.99,0.0,True,85.33,0.38,0.08,0.3,2025-09-19,21.68,5.9,1,22.96,19.4,ATH,False,False
19-09-2025 17:00,ARDYZ,27.7,28.2,27.68,28.16,877652.0,0.04,0.46,0.04,995.24,0.46,540720.8,62.31,0.09,True,57.73,0.03,-0.02,0.05,2025-09-19,27.64,1.88,0,,27.38,28.54,False,False
19-09-2025 17:00,BOBET,20.32,20.78,20.22,20.78,915450.0,0.0,0.46,0.05,751.85,0.46,331030.1,176.55,0.0,True,71.28,0.06,0.01,0.05,2025-09-19,20.2,2.87,0,,20.16,ATH,False,False
19-09-2025 17:00,KMPUR,19.05,19.27,19.02,19.23,785125.0,0.04,0.18,0.0,17900.0,0.18,346619.0,126.51,0.22,True,60.16,0.12,-0.04,0.16,2025-09-19,19.15,0.42,0,,18.57,19.4,False,False
19-09-2025 17:00,FZLGY,16.26,16.5,16.13,16.48,2554781.0,0.02,0.22,0.04,464.1,0.22,1112411.3,129.66,0.09,True,65.25,0.13,-0.01,0.14,2025-09-19,15.95,3.32,0,,15.69,16.59,False,False
19-09-2025 17:00,KLKIM,36.78,37.2,36.78,37.14,685983.0,0.06,0.36,0.05,592.31,0.36,242671.3,182.68,0.17,True,62.08,0.06,0.02,0.04,2025-09-19,36.42,1.98,0,,36.02,37.3,False,False
19-09-2025 17:00,CVKMD,14.11,14.65,14.09,14.5,21177947.0,0.15,0.39,0.02,1595.65,0.39,4158360.9,409.29,0.38,True,66.16,0.12,0.01,0.11,2025-09-19,14.28,1.54,0,,13.45,ATH,False,False
19-09-2025 17:00,HATEK,17.35,17.55,17.29,17.54,347952.0,0.01,0.19,0.01,2614.29,0.19,210101.0,65.61,0.05,True,49.46,-0.1,-0.01,-0.09,2025-09-19,17.4,0.8,0,,17.24,18.0,True,True
19-09-2025 17:00,KRDMB,27.94,28.56,27.86,28.56,1024819.0,0.0,0.62,0.1,532.65,0.62,180334.2,468.29,0.0,True,74.94,0.25,0.06,0.19,2025-09-19,27.42,4.16,0,,27.0,ATH,False,False
19-09-2025 17:00,ISFIN,17.18,17.5,17.12,17.43,1596400.0,0.07,0.25,0.05,410.2,0.25,506995.9,214.87,0.28,True,70.73,0.06,0.02,0.04,2025-09-19,16.91,3.08,0,,16.88,ATH,False,False
19-09-2025 17:00,MAGEN,57.15,57.85,57.1,57.85,304156.0,0.0,0.7,0.1,636.84,0.7,182833.5,66.36,0.0,True,63.81,0.19,0.04,0.15,2025-09-19,56.6,2.21,0,,55.95,58.5,False,False
19-09-2025 17:00,BIGCH,59.15,61.95,58.95,61.95,792059.0,0.0,2.8,0.48,483.33,2.8,288282.3,174.75,0.0,True,75.24,1.44,0.14,1.3,2025-09-19,57.2,8.3,0,,55.15,ATH,False,False
19-09-2025 16:00,TKFEN,94.3,96.25,94.0,96.15,1255683.0,0.1,1.85,0.23,704.35,1.85,734213.6,71.02,0.05,True,63.15,0.73,-0.01,0.75,2025-09-19,92.0,4.51,0,,92.0,97.5,False,False
19-09-2025 16:00,DAGI,8.34,8.49,8.31,8.46,1541268.0,0.03,0.12,0.01,1614.29,0.12,891425.8,72.9,0.25,True,60.58,0.03,-0.01,0.04,2025-09-19,8.39,0.83,0,,8.24,8.58,False,False
19-09-2025 16:00,DMRGD,28.42,29.76,28.34,29.54,1267380.0,0.22,1.12,0.05,1974.07,1.12,349104.0,263.04,0.2,True,59.99,-0.15,0.03,-0.18,2025-09-19,29.04,1.72,0,,28.2,30.72,True,True
19-09-2025 16:00,OSTIM,3.68,3.8,3.66,3.77,7118229.0,0.03,0.09,0.01,800.0,0.09,1957874.8,263.57,0.33,True,63.57,0.02,-0.0,0.02,2025-09-19,3.64,3.57,0,,3.62,3.83,False,False
19-09-2025 15:00,EGSER,3.68,3.73,3.66,3.73,2419696.0,0.0,0.05,0.0,4900.0,0.05,1025326.9,135.99,0.0,True,66.46,0.02,-0.0,0.02,2025-09-19,3.63,2.75,0,,3.6,ATH,False,False
19-09-2025 15:00,TUPRS,191.8,194.0,190.6,193.9,4315192.0,0.1,2.1,0.04,5150.0,2.1,1839313.2,134.61,0.05,True,69.31,1.56,-0.3,1.86,2025-09-19,191.4,1.31,0,,190.3,194.4,False,False
19-09-2025 15:00,HRKET,84.4,88.0,84.4,87.5,1559885.0,0.5,3.1,0.46,566.67,3.1,458269.6,240.39,0.16,True,77.84,1.17,0.46,0.71,2025-09-19,80.05,9.31,0,,79.9,ATH,False,False
19-09-2025 15:00,ALTNY,76.05,77.25,76.0,77.15,1162900.0,0.1,1.1,0.03,3042.86,1.1,735389.8,58.13,0.09,True,57.69,-0.01,-0.06,0.05,2025-09-19,76.45,0.92,0,,75.65,77.85,False,False
19-09-2025 15:00,KRDMD,28.36,29.18,28.36,29.18,31645683.0,0.0,0.82,0.03,2633.33,0.82,12932011.6,144.71,0.0,True,69.84,0.31,0.01,0.31,2025-09-19,28.12,3.77,0,,27.66,ATH,False,False
19-09-2025 15:00,ANGEN,12.27,12.55,12.27,12.54,695457.0,0.01,0.27,0.01,3757.14,0.27,308664.7,125.31,0.04,True,61.65,0.04,-0.01,0.06,2025-09-19,12.31,1.87,0,,12.23,12.81,False,False
19-09-2025 15:00,EREGL,27.76,28.36,27.64,28.34,78434302.0,0.02,0.58,0.04,1350.0,0.58,22963035.8,241.57,0.03,True,70.62,0.12,0.03,0.09,2025-09-19,27.24,4.04,0,,27.14,ATH,False,False
19-09-2025 15:00,AKYHO,3.53,3.77,3.5,3.75,3851592.0,0.02,0.22,0.02,1057.89,0.22,1029815.8,274.01,0.09,True,64.22,0.02,-0.0,0.03,2025-09-19,3.57,5.04,2,3.5,3.5,4.01,False,False
19-09-2025 15:00,ISDMR,37.04,37.62,37.04,37.56,930699.0,0.06,0.52,0.0,25900.0,0.52,313271.9,197.09,0.12,True,62.72,0.04,-0.01,0.04,2025-09-19,36.84,1.95,0,,36.82,37.64,False,False
19-09-2025 15:00,FROTO,103.4,105.8,103.3,105.7,4159655.0,0.1,2.3,0.04,5650.0,2.3,1583751.6,162.65,0.04,True,57.29,-0.46,0.0,-0.46,2025-09-19,104.1,1.54,0,,102.9,109.5,False,False
19-09-2025 15:00,SAHOL,92.55,94.55,91.55,94.1,9448680.0,0.45,1.55,0.08,1837.5,1.55,2517497.4,275.32,0.29,True,65.52,0.28,0.03,0.25,2025-09-19,91.3,3.07,0,,90.65,ATH,False,False
19-09-2025 15:00,TTKOM,53.0,53.65,52.45,53.65,6896124.0,0.0,0.65,0.05,1200.0,0.65,2788989.3,147.26,0.0,True,67.58,0.28,0.03,0.25,2025-09-19,52.0,3.17,0,,51.7,ATH,False,False
19-09-2025 15:00,TCELL,95.75,96.95,94.95,96.95,7493269.0,0.0,1.2,0.09,1233.33,1.2,2909158.4,157.58,0.0,True,73.18,0.49,0.01,0.47,2025-09-19,94.8,2.27,0,,94.15,ATH,False,False
19-09-2025 15:00,KCHOL,179.2,183.2,178.3,183.0,9766337.0,0.2,3.8,0.04,9400.0,3.8,3331008.0,193.19,0.05,True,64.18,0.23,-0.12,0.35,2025-09-19,177.5,3.1,0,,176.9,184.2,False,False
19-09-2025 15:00,XU100,11113.59,11271.6,11040.32,11271.17,1849103375.0,0.43,157.58,1.33,11783.86,157.58,817712050.2,126.13,0.0,True,65.66,23.37,-8.93,32.3,2025-09-19,11048.11,2.02,0,,11022.97,11288.32,False,False
19-09-2025 15:00,KATMR,3.16,3.38,3.16,3.36,75752771.0,0.02,0.2,0.01,1900.0,0.2,22702076.3,233.68,0.1,True,71.58,0.03,0.0,0.03,2025-09-19,3.2,5.0,0,,3.13,ATH,False,False
19-09-2025 15:00,HUBVC,2.74,2.91,2.72,2.87,1894924.0,0.04,0.13,0.01,1525.0,0.13,644166.7,194.17,0.31,True,57.65,-0.01,-0.0,-0.01,2025-09-19,2.79,2.87,0,,2.7,3.0,False,False
19-09-2025 15:00,BNTAS,7.28,7.42,7.28,7.42,1055413.0,0.0,0.14,0.01,2233.33,0.14,577941.6,82.62,0.0,True,66.08,0.06,-0.0,0.06,2025-09-19,7.34,1.09,0,,7.04,ATH,False,False
19-09-2025 15:00,BIENY,43.02,46.5,42.94,46.38,6991356.0,0.12,3.36,0.17,1831.03,3.36,1357617.4,414.97,0.04,True,67.27,-0.34,0.09,-0.43,2025-09-19,43.26,7.21,0,,42.68,47.84,True,True
19-09-2025 15:00,XU030,12265.07,12465.22,12176.13,12464.19,1313053850.0,1.03,199.12,6.51,2957.74,199.12,476580167.7,175.52,0.01,True,67.24,26.27,-2.8,29.07,2025-09-19,12148.32,2.6,0,,12117.15,ATH,False,False
19-09-2025 15:00,BIMAS,521.5,531.5,520.5,530.5,2099824.0,1.0,9.0,0.9,900.0,9.0,691721.2,203.57,0.11,True,63.91,1.7,0.91,0.79,2025-09-19,512.5,3.51,0,,510.5,534.5,False,False
19-09-2025 15:00,LKMNH,19.29,19.58,19.26,19.58,417568.0,0.0,0.29,0.01,5700.0,0.29,170412.2,145.03,0.0,True,60.49,0.03,-0.04,0.06,2025-09-19,19.46,0.62,0,,19.19,19.94,False,False
19-09-2025 15:00,AVPGY,63.7,64.95,63.65,64.9,275105.0,0.05,1.2,0.08,1400.0,1.2,134162.0,105.05,0.04,True,69.11,0.14,-0.0,0.14,2025-09-19,63.2,2.69,0,,62.9,ATH,False,False
19-09-2025 15:00,MGROS,445.25,452.5,445.0,451.25,692564.0,1.25,6.0,0.12,4700.0,6.0,230762.3,200.12,0.21,True,63.15,0.72,-0.11,0.83,2025-09-19,442.75,1.92,0,,442.0,454.5,False,False
19-09-2025 15:00,ASELS,196.4,202.1,196.0,202.0,11375975.0,0.1,5.6,0.64,775.0,5.6,3487840.3,226.16,0.02,True,74.46,1.67,0.26,1.4,2025-09-19,192.2,5.1,0,,191.4,ATH,False,False
19-09-2025 14:00,SKYMD,14.95,15.37,14.86,15.29,1834227.0,0.08,0.34,0.04,844.44,0.34,706718.6,159.54,0.24,True,69.23,0.13,0.02,0.11,2025-09-19,14.7,4.01,0,,14.58,15.41,False,False
19-09-2025 14:00,ERSU,19.18,20.6,19.17,20.28,487353.0,0.32,1.1,0.12,832.2,1.1,171984.8,183.37,0.29,True,66.11,0.13,-0.01,0.14,2025-09-19,19.45,4.27,1,20.6,19.0,20.6,False,False
19-09-2025 14:00,HKTM,14.64,15.75,14.6,15.72,2690414.0,0.03,1.08,0.06,1614.29,1.08,671688.5,300.54,0.03,True,73.33,0.11,-0.0,0.11,2025-09-19,14.82,6.07,2,14.6,14.6,ATH,False,False
19-09-2025 11:00,TATGD,13.49,13.88,13.47,13.88,536992.0,0.0,0.39,0.03,1344.44,0.39,258915.1,107.4,0.0,True,63.4,0.07,-0.01,0.08,2025-09-19,13.52,2.66,0,,13.39,ATH,False,False
19-09-2025 11:00,BAHKM,52.1,53.5,52.1,53.35,277476.0,0.15,1.25,0.09,1370.59,1.25,131887.8,110.39,0.12,True,54.89,-0.23,-0.04,-0.19,2025-09-19,51.6,3.39,0,,51.35,55.55,False,False
19-09-2025 11:00,KONTR,32.18,35.08,32.18,34.82,55579161.0,0.26,2.64,0.29,823.08,2.64,13864155.8,300.88,0.1,True,85.32,1.61,0.08,1.54,2025-09-19,32.38,7.54,0,,31.26,ATH,False,False
19-09-2025 10:00,TEKTU,19.39,23.68,19.39,22.96,26479676.0,0.72,3.57,0.36,900.0,3.57,2929905.0,803.77,0.2,True,46.87,-1.38,-0.03,-1.35,2025-09-19,21.54,6.59,3,,19.39,30.66,True,True
19-09-2025 10:00,KNFRT,22.1,22.94,22.0,22.84,876687.0,0.1,0.74,0.04,1661.9,0.74,224174.7,291.07,0.14,True,70.29,0.37,-0.07,0.45,2025-09-19,22.04,3.63,2,22.0,22.0,ATH,False,False
19-09-2025 10:00,BMSCH,14.78,15.25,14.69,15.13,653671.0,0.12,0.35,0.09,284.62,0.35,326581.8,100.16,0.34,True,75.07,0.27,0.04,0.23,2025-09-19,14.84,1.95,1,15.25,13.01,15.25,False,False
19-09-2025 10:00,ETILR,4.79,4.96,4.77,4.92,5729555.0,0.04,0.13,0.01,900.0,0.13,2113473.9,171.1,0.31,True,61.84,0.02,-0.0,0.03,2025-09-19,4.78,2.93,2,4.77,4.77,4.96,False,False
19-09-2025 10:00,FADE,16.59,17.49,16.5,17.43,2622324.0,0.06,0.84,0.11,670.64,0.84,653127.6,301.5,0.07,True,82.33,0.3,0.07,0.24,2025-09-19,16.45,5.96,1,17.49,15.71,17.49,False,False
19-09-2025 10:00,VAKFN,1.91,2.06,1.9,2.06,124531576.0,0.0,0.15,0.01,1400.0,0.15,21927903.1,467.91,0.0,True,76.28,0.03,0.01,0.02,2025-09-19,1.9,8.42,1,2.06,1.87,ATH,False,False
19-09-2025 10:00,BORLS,27.32,27.9,27.08,27.9,3320269.0,0.0,0.58,0.13,346.15,0.58,1286660.1,158.05,0.0,True,71.56,0.42,0.2,0.22,2025-09-19,27.3,2.2,0,,24.3,28.82,False,False
19-09-2025 10:00,SEGMN,26.58,27.16,26.44,27.16,665321.0,0.0,0.58,0.02,2800.0,0.58,405454.2,64.09,0.0,True,65.55,0.35,-0.07,0.41,2025-09-19,26.54,2.34,0,,25.78,27.64,False,False
19-09-2025 10:00,MAKIM,19.09,20.08,19.09,20.02,766698.0,0.06,0.93,0.11,708.7,0.93,341226.8,124.69,0.06,True,74.83,0.2,0.05,0.14,2025-09-19,19.09,4.87,0,,18.7,20.12,False,False
19-09-2025 10:00,PCILT,33.96,35.12,33.58,35.08,434755.0,0.04,1.12,0.18,522.22,1.12,181886.0,139.03,0.04,True,72.04,0.62,0.04,0.58,2025-09-19,33.96,3.3,0,,30.6,ATH,False,False
19-09-2025 10:00,AVOD,4.73,4.95,4.33,4.91,36901954.0,0.04,0.18,0.02,900.0,0.18,4210452.7,776.44,0.22,True,86.43,0.17,0.03,0.14,2025-09-19,4.55,7.91,3,,3.57,ATH,False,False
19-09-2025 10:00,DYOBY,16.97,17.87,16.32,17.84,10333697.0,0.03,0.87,0.23,281.58,0.87,2627722.7,293.26,0.03,True,95.34,0.56,0.21,0.36,2025-09-19,16.57,7.66,0,,13.98,ATH,False,False
18-09-2025 15:00,SMRVA,262.0,271.75,261.75,271.75,836375.0,0.0,9.75,2.22,339.19,9.75,334545.7,150.0,0.0,True,87.22,7.77,1.99,5.78,2025-09-18,247.2,9.93,0,,240.0,ATH,False,False
18-09-2025 15:00,KONKA,50.45,51.5,50.35,51.45,367798.0,0.05,1.0,0.09,986.96,1.0,99053.1,271.31,0.05,True,67.95,0.46,-0.01,0.48,2025-09-18,49.92,3.06,0,,48.64,ATH,False,False
18-09-2025 15:00,AHGAZ,32.68,33.36,32.68,33.3,885329.0,0.06,0.62,0.03,1723.53,0.62,467327.6,89.45,0.1,True,52.77,-0.25,0.05,-0.3,2025-09-18,32.42,2.71,0,,32.42,34.58,True,True
18-09-2025 15:00,CEOEM,38.92,39.92,38.88,39.92,786888.0,0.0,1.0,0.11,809.09,1.0,348560.4,125.75,0.0,True,66.16,0.36,-0.0,0.36,2025-09-18,38.6,3.42,0,,37.86,ATH,False,False
18-09-2025 15:00,TABGD,226.7,232.5,226.5,232.3,187978.0,0.2,5.6,0.24,2233.33,5.6,111787.2,68.16,0.04,True,63.73,2.16,-0.36,2.52,2025-09-18,229.2,1.35,0,,217.6,ATH,False,False
18-09-2025 14:00,GLRMK,198.8,204.7,198.6,203.6,1707107.0,1.1,4.8,0.86,458.14,4.8,641611.6,166.07,0.23,True,79.27,3.73,0.48,3.26,2025-09-18,196.4,3.67,1,204.7,185.5,204.7,False,False
18-09-2025 14:00,ARZUM,3.08,3.28,3.08,3.26,42880991.0,0.02,0.18,0.02,650.0,0.18,8990862.6,376.94,0.11,True,73.81,0.01,0.02,-0.01,2025-09-18,2.99,9.03,1,3.28,2.98,3.28,False,False
18-09-2025 14:00,DMSAS,7.89,8.07,7.89,8.06,2374309.0,0.01,0.17,0.02,608.33,0.17,639747.8,271.13,0.06,True,72.86,0.06,0.02,0.04,2025-09-18,7.69,4.81,0,,7.68,ATH,False,False
18-09-2025 13:00,YYAPI,1.98,2.1,1.97,2.09,176751459.0,0.01,0.11,0.02,511.11,0.11,42364554.7,317.22,0.09,True,72.8,0.02,0.01,0.01,2025-09-18,1.95,7.18,0,,1.91,2.1,False,False
18-09-2025 12:00,ALVES,32.82,33.62,32.76,33.54,1453157.0,0.08,0.72,0.13,462.5,0.72,595275.5,144.12,0.11,True,79.66,0.45,0.04,0.41,2025-09-18,32.46,3.33,0,,28.88,ATH,False,False
18-09-2025 12:00,ENKAI,76.0,77.25,75.9,76.95,4379726.0,0.3,0.95,0.12,691.67,0.95,1994437.1,119.6,0.32,True,73.82,0.99,-0.09,1.08,2025-09-18,75.2,2.33,0,,74.65,ATH,False,False
18-09-2025 12:00,YESIL,2.61,2.71,2.6,2.71,21040677.0,0.0,0.1,0.01,900.0,0.1,7074388.8,197.42,0.0,True,63.49,0.02,-0.0,0.02,2025-09-18,2.64,2.65,0,,2.59,2.74,False,False
18-09-2025 11:00,ANSGR,22.16,22.32,22.1,22.28,1369883.0,0.04,0.12,0.01,1900.0,0.12,797554.6,71.76,0.33,True,61.74,0.09,-0.02,0.11,2025-09-18,22.04,1.09,0,,21.94,22.4,False,False
18-09-2025 11:00,MEDTR,31.68,32.38,31.5,32.36,563221.0,0.02,0.68,0.02,3677.78,0.68,161017.5,249.79,0.03,True,74.31,0.5,-0.04,0.54,2025-09-18,31.38,3.12,1,32.38,31.16,32.38,False,False
18-09-2025 11:00,SISE,38.9,39.58,38.86,39.54,15644118.0,0.04,0.64,0.06,900.0,0.64,5233900.5,198.9,0.06,True,73.53,0.24,0.01,0.23,2025-09-18,38.34,3.13,0,,38.2,ATH,False,False
18-09-2025 11:00,SRVGY,3.59,3.67,3.56,3.67,22030107.0,0.0,0.08,0.02,400.0,0.08,9543295.7,130.84,0.0,True,81.43,0.06,0.02,0.04,2025-09-18,3.54,3.67,0,,3.16,ATH,False,False
18-09-2025 11:00,KAREL,10.14,10.37,10.14,10.37,1999401.0,0.0,0.23,0.03,784.62,0.23,810967.1,146.55,0.0,True,72.76,0.12,-0.0,0.12,2025-09-18,9.99,3.8,0,,9.98,ATH,False,False
18-09-2025 11:00,KLRHO,93.5,102.5,92.0,102.5,1474414.0,0.0,9.0,0.0,179900.0,9.0,478462.9,208.16,0.0,True,73.07,5.18,0.31,4.88,2025-09-18,93.25,9.92,0,,84.8,ATH,False,False
18-09-2025 11:00,PRKME,21.8,22.18,21.58,22.12,418384.0,0.06,0.32,0.01,2185.71,0.32,108071.0,287.14,0.19,True,70.54,0.25,-0.0,0.26,2025-09-18,21.4,3.36,0,,21.32,ATH,False,False
18-09-2025 11:00,TRILC,23.58,23.9,23.56,23.86,574248.0,0.04,0.28,0.02,1455.56,0.28,258992.9,121.72,0.14,True,66.49,0.21,-0.03,0.24,2025-09-18,23.44,1.79,0,,23.34,ATH,False,False
18-09-2025 11:00,KCAER,14.4,14.53,14.37,14.51,2176943.0,0.02,0.11,0.0,2650.0,0.11,875515.9,148.65,0.18,True,63.89,0.09,-0.03,0.12,2025-09-18,14.35,1.11,0,,14.27,14.7,False,False
18-09-2025 11:00,KRPLS,8.68,8.89,8.67,8.86,955189.0,0.03,0.18,0.02,900.0,0.18,254488.3,275.34,0.17,True,78.85,0.14,0.01,0.12,2025-09-18,8.55,3.63,0,,8.4,ATH,False,False
18-09-2025 10:00,NATEN,9.54,9.71,9.54,9.71,2998279.0,0.0,0.17,0.01,1600.0,0.17,1035404.3,189.58,0.0,True,69.35,0.1,-0.01,0.11,2025-09-18,9.47,2.53,0,,9.45,ATH,False,False
18-09-2025 10:00,KLYPV,64.6,65.4,64.55,65.35,335399.0,0.05,0.75,0.02,2900.0,0.75,109847.4,205.33,0.07,True,69.63,0.54,-0.08,0.62,2025-09-18,64.6,1.16,0,,64.3,ATH,False,False
18-09-2025 10:00,SKTAS,3.4,3.46,3.39,3.45,4355958.0,0.01,0.05,0.0,4900.0,0.05,1500016.8,190.39,0.2,True,63.07,0.02,0.01,0.01,2025-09-18,3.36,2.68,1,3.46,3.33,3.46,False,False
18-09-2025 10:00,IZENR,9.55,9.7,9.47,9.69,5247561.0,0.01,0.14,0.01,1900.0,0.14,2571790.7,104.04,0.07,True,59.68,0.07,-0.02,0.1,2025-09-18,9.51,1.89,0,,8.84,9.84,False,False
18-09-2025 10:00,PRDGS,6.94,7.14,6.94,7.12,886200.0,0.02,0.18,0.01,1900.0,0.18,287945.5,207.77,0.11,True,67.83,0.06,-0.01,0.07,2025-09-18,6.91,3.04,0,,6.91,ATH,False,False
18-09-2025 10:00,TERA,639.5,675.5,631.0,669.0,1805756.0,6.5,29.5,1.15,2465.22,29.5,389924.8,363.1,0.22,True,56.53,0.34,-2.78,3.13,2025-09-18,635.0,5.35,2,631.0,631.0,676.0,False,False
18-09-2025 10:00,MEKAG,5.1,5.39,5.05,5.37,13787646.0,0.02,0.27,0.03,900.0,0.27,1863690.0,639.8,0.07,True,46.83,-0.09,-0.03,-0.06,2025-09-18,5.29,1.51,2,5.05,5.05,5.98,False,False
18-09-2025 10:00,MOGAN,10.42,10.57,10.41,10.54,1609562.0,0.03,0.12,0.01,1900.0,0.12,637016.7,152.67,0.25,True,73.59,0.17,-0.0,0.18,2025-09-18,10.37,1.64,1,10.57,9.12,10.57,False,False
18-09-2025 10:00,MNDTR,7.0,7.13,6.99,7.11,1412847.0,0.02,0.11,0.01,1122.22,0.11,431870.8,227.15,0.18,True,63.86,0.02,-0.0,0.03,2025-09-18,6.99,1.72,0,,6.96,7.15,False,False
18-09-2025 10:00,MERKO,13.99,14.36,13.99,14.27,947860.0,0.09,0.28,0.01,2053.85,0.28,345104.0,174.66,0.32,True,64.26,0.05,-0.01,0.06,2025-09-18,13.97,2.15,0,,13.96,14.29,False,False
18-09-2025 10:00,MEGMT,33.48,34.7,33.46,34.48,1160828.0,0.22,1.0,0.04,2400.0,1.0,268666.4,332.07,0.22,True,68.91,0.43,-0.11,0.54,2025-09-18,33.46,3.05,1,34.7,33.36,34.7,False,False
18-09-2025 10:00,MARBL,15.16,15.41,15.16,15.39,388914.0,0.02,0.23,0.01,1669.23,0.23,180589.0,115.36,0.09,True,70.44,0.16,-0.01,0.17,2025-09-18,15.1,1.92,0,,13.62,ATH,False,False
18-09-2025 10:00,MANAS,8.76,9.55,8.61,9.35,10845075.0,0.2,0.59,0.07,780.6,0.59,2775987.2,290.67,0.34,True,73.78,0.09,0.06,0.02,2025-09-18,8.76,6.74,0,,8.35,9.55,False,False
18-09-2025 10:00,KAYSE,19.43,19.92,19.42,19.86,874680.0,0.06,0.43,0.02,1691.67,0.43,295794.2,195.71,0.14,True,71.22,0.11,0.02,0.09,2025-09-18,19.38,2.48,0,,19.36,ATH,False,False
18-09-2025 10:00,LRSHO,5.28,5.46,5.27,5.45,9872091.0,0.01,0.17,0.02,672.73,0.17,2472005.9,299.36,0.06,True,72.03,0.06,0.0,0.05,2025-09-18,5.26,3.61,0,,4.73,ATH,False,False
18-09-2025 10:00,KBORU,16.1,16.77,16.1,16.63,6367958.0,0.14,0.53,0.04,1258.97,0.53,1322008.0,381.69,0.26,True,70.78,0.17,0.0,0.17,2025-09-18,16.04,3.68,0,,15.94,ATH,False,False
18-09-2025 10:00,KRVGD,2.49,2.56,2.49,2.55,5532708.0,0.01,0.06,0.0,1900.0,0.06,1406545.7,293.35,0.17,True,72.63,0.03,-0.0,0.03,2025-09-18,2.49,2.41,0,,2.47,2.56,False,False
18-09-2025 10:00,KRTEK,31.3,32.2,31.1,31.98,1589258.0,0.22,0.68,0.05,1159.26,0.68,271138.8,486.14,0.32,True,72.34,0.36,0.08,0.28,2025-09-18,31.18,2.57,0,,30.24,ATH,False,False
18-09-2025 10:00,KRSTL,10.88,11.2,10.85,11.15,3241941.0,0.05,0.27,0.04,575.0,0.27,1732851.3,87.09,0.19,True,62.29,0.03,0.04,-0.02,2025-09-18,10.83,2.95,0,,10.54,11.23,False,False
18-09-2025 10:00,LIDFA,3.96,4.0,3.95,3.99,1897716.0,0.01,0.03,0.0,2900.0,0.03,870606.4,117.98,0.33,True,66.19,0.02,-0.0,0.03,2025-09-18,3.94,1.27,0,,3.92,4.01,False,False
18-09-2025 10:00,SANFM,17.86,19.58,17.86,19.58,5330762.0,0.0,1.72,0.15,1031.58,1.72,723405.5,636.9,0.0,True,80.01,0.25,0.08,0.18,2025-09-18,17.8,10.0,1,19.58,16.35,ATH,False,False
18-09-2025 10:00,AKFIS,23.4,23.8,23.4,23.78,685195.0,0.02,0.38,0.01,3066.67,0.38,229716.5,198.28,0.05,True,69.75,0.2,-0.04,0.24,2025-09-18,23.4,1.62,0,,23.38,23.9,False,False
18-09-2025 10:00,BUCIM,6.95,7.02,6.95,7.01,1702319.0,0.01,0.06,0.0,1100.0,0.06,639418.7,166.23,0.17,True,73.78,0.06,-0.0,0.07,2025-09-18,6.93,1.15,0,,6.4,ATH,False,False
18-09-2025 10:00,GLRYH,4.23,4.33,4.23,4.32,3434874.0,0.01,0.09,0.0,8900.0,0.09,934051.3,267.74,0.11,True,65.49,0.02,-0.01,0.03,2025-09-18,4.22,2.37,0,,4.21,4.33,False,False
18-09-2025 10:00,EUREN,8.97,9.19,8.97,9.15,14537906.0,0.04,0.18,0.03,429.41,0.18,6798937.0,113.83,0.22,True,74.57,0.17,-0.0,0.17,2025-09-18,8.9,2.81,0,,7.81,ATH,False,False
18-09-2025 10:00,AGROT,8.05,8.21,8.05,8.19,4721638.0,0.02,0.14,0.01,1172.73,0.14,1520083.7,210.62,0.14,True,76.69,0.09,-0.0,0.09,2025-09-18,8.04,1.87,0,,7.27,ATH,False,False
18-09-2025 10:00,DSTKF,720.0,759.0,720.0,749.0,746802.0,10.0,29.0,4.95,485.86,29.0,205249.1,263.85,0.34,True,91.14,30.91,5.04,25.87,2025-09-18,700.0,7.0,1,759.0,526.5,759.0,False,False
18-09-2025 10:00,AKFYE,17.77,18.13,17.77,18.09,2385711.0,0.04,0.32,0.01,2566.67,0.32,630349.6,278.47,0.12,True,71.76,0.12,-0.01,0.13,2025-09-18,17.7,2.2,1,18.13,17.67,18.13,False,False
18-09-2025 10:00,CWENE,20.92,22.06,20.8,22.06,9899440.0,0.0,1.14,0.11,900.0,1.14,1614086.4,513.32,0.0,True,94.94,0.87,0.19,0.68,2025-09-18,20.06,9.97,1,22.06,16.42,ATH,False,False
18-09-2025 10:00,CONSE,3.49,3.53,3.49,3.52,2382312.0,0.01,0.03,0.0,900.0,0.03,802212.2,196.97,0.33,True,68.83,0.05,-0.01,0.05,2025-09-18,3.47,1.44,0,,3.47,ATH,False,False
18-09-2025 10:00,CEMTS,11.38,11.86,11.38,11.75,3815221.0,0.11,0.37,0.02,2366.67,0.37,926312.7,311.87,0.3,True,71.24,0.1,-0.0,0.1,2025-09-18,11.38,3.25,0,,11.35,11.78,False,False
18-09-2025 10:00,YKBNK,34.46,34.64,34.06,34.62,40377047.0,0.02,0.16,0.04,300.0,0.16,16789697.8,140.49,0.13,True,85.25,0.53,-0.02,0.56,2025-09-18,34.34,0.82,0,,32.74,ATH,False,False
18-09-2025 10:00,GOKNR,23.44,23.62,23.4,23.6,541370.0,0.02,0.16,0.03,471.43,0.16,284872.6,90.04,0.12,True,76.71,0.25,-0.01,0.26,2025-09-18,23.34,1.11,0,,21.3,ATH,False,False
18-09-2025 10:00,VRGYO,3.47,3.69,3.47,3.66,30897731.0,0.03,0.19,0.01,1800.0,0.19,6156570.7,401.87,0.16,True,73.2,0.04,0.0,0.04,2025-09-18,3.45,6.09,0,,3.44,ATH,False,False
18-09-2025 10:00,BRKSN,8.72,9.2,8.65,9.15,896225.0,0.05,0.43,0.04,948.78,0.43,149785.5,498.34,0.12,True,72.87,0.1,0.02,0.08,2025-09-18,8.63,6.03,0,,7.7,ATH,False,False
18-09-2025 10:00,BOSSA,7.39,7.52,7.39,7.52,577642.0,0.0,0.13,0.01,1081.82,0.13,383450.3,50.64,0.0,True,71.01,0.08,-0.01,0.08,2025-09-18,7.38,1.9,0,,7.13,ATH,False,False
18-09-2025 10:00,BORSK,24.3,24.7,24.2,24.64,496692.0,0.06,0.34,0.01,4150.0,0.34,244527.9,103.12,0.18,True,67.96,0.18,-0.03,0.21,2025-09-18,24.14,2.07,0,,24.08,ATH,False,False
18-09-2025 10:00,YIGIT,27.9,28.3,27.74,28.2,979351.0,0.1,0.3,0.0,14900.0,0.3,294029.4,233.08,0.33,True,72.59,0.36,-0.01,0.37,2025-09-18,27.62,2.1,1,28.3,24.5,28.3,False,False
18-09-2025 10:00,ANELE,21.42,22.12,21.42,21.96,493616.0,0.16,0.54,0.02,2354.55,0.54,124871.1,295.3,0.3,True,62.78,0.12,-0.04,0.16,2025-09-18,21.42,2.52,1,22.12,21.38,22.12,False,False
18-09-2025 10:00,YATAS,36.46,37.44,36.32,37.36,427013.0,0.08,0.9,0.05,1700.0,0.9,187408.9,127.85,0.09,True,69.44,0.5,-0.05,0.55,2025-09-18,36.44,2.52,1,37.44,32.08,37.44,False,False
18-09-2025 10:00,BAGFS,36.54,38.38,36.54,38.28,1175484.0,0.1,1.74,0.17,923.53,1.74,227725.3,416.19,0.06,True,76.71,0.33,0.12,0.21,2025-09-18,36.24,5.63,0,,35.48,ATH,False,False
18-09-2025 10:00,TSKB,13.91,14.04,13.88,14.03,4775068.0,0.01,0.12,0.01,1233.33,0.12,1764018.6,170.69,0.08,True,66.67,0.07,-0.01,0.08,2025-09-18,13.87,1.15,1,14.04,13.77,14.04,False,False
18-09-2025 10:00,ARSAN,2.89,3.0,2.89,3.0,11953766.0,0.0,0.11,0.01,1733.33,0.11,2393118.0,399.51,0.0,True,77.13,0.04,0.01,0.03,2025-09-18,2.86,4.9,0,,2.81,ATH,False,False
18-09-2025 10:00,GOODY,18.94,19.2,18.94,19.19,312492.0,0.01,0.25,0.02,1150.0,0.25,115160.1,171.35,0.04,True,71.38,0.23,-0.01,0.24,2025-09-18,18.85,1.8,0,,16.99,ATH,False,False
18-09-2025 10:00,HUNER,3.93,4.0,3.92,3.99,7020311.0,0.01,0.06,0.0,2900.0,0.06,1882306.7,272.96,0.17,True,73.91,0.05,-0.0,0.05,2025-09-18,3.91,2.05,1,4.0,3.9,4.0,False,False
18-09-2025 10:00,IMASM,3.9,4.09,3.9,4.06,24920972.0,0.03,0.16,0.01,1042.86,0.16,5484971.0,354.35,0.19,True,79.25,0.06,0.01,0.06,2025-09-18,3.84,5.73,0,,3.41,ATH,False,False
18-09-2025 10:00,GWIND,24.7,25.22,24.58,25.1,1549640.0,0.12,0.4,0.04,809.09,0.4,380191.5,307.59,0.3,True,81.19,0.36,0.04,0.32,2025-09-18,24.36,3.04,1,25.22,21.64,25.22,False,False
18-09-2025 10:00,HDFGS,2.82,3.1,2.81,3.1,160915254.0,0.0,0.28,0.03,833.33,0.28,30382194.8,429.64,0.0,True,91.55,0.12,0.02,0.1,2025-09-18,2.82,9.93,1,3.1,2.21,ATH,False,False
18-09-2025 10:00,IHGZT,1.98,2.02,1.98,2.02,14523299.0,0.0,0.04,0.0,900.0,0.04,6110142.3,137.69,0.0,True,70.71,0.02,0.0,0.02,2025-09-18,1.96,3.06,0,,1.94,ATH,False,False
18-09-2025 10:00,ICUGS,3.37,3.45,3.37,3.43,7356464.0,0.02,0.06,0.01,900.0,0.06,3134601.9,134.69,0.33,True,75.04,0.04,0.0,0.03,2025-09-18,3.35,2.39,1,3.45,3.24,3.45,False,False
18-09-2025 10:00,GOZDE,22.0,22.24,22.0,22.2,393230.0,0.04,0.2,0.0,9900.0,0.2,131628.7,198.74,0.2,True,64.73,0.2,-0.05,0.25,2025-09-18,21.84,1.65,0,,19.88,22.56,False,False
18-09-2025 10:00,AEFES,15.26,15.53,15.26,15.46,15259440.0,0.07,0.2,0.01,1718.18,0.2,4808525.7,217.34,0.35,True,66.7,0.11,-0.02,0.13,2025-09-18,15.22,1.58,0,,15.21,ATH,False,False
17-09-2025 17:00,SELVA,2.77,2.89,2.76,2.89,12717509.0,0.0,0.12,0.03,380.0,0.12,2404204.5,428.97,0.0,True,78.17,0.08,0.01,0.07,2025-09-17,2.63,9.89,0,,2.25,ATH,False,False
17-09-2025 17:00,SASA,4.08,4.24,4.07,4.23,1001808257.0,0.01,0.15,0.02,581.82,0.15,252860843.4,296.19,0.07,True,73.12,0.06,0.0,0.06,2025-09-17,4.03,4.96,0,,4.0,ATH,False,False
17-09-2025 17:00,BARMA,21.58,22.6,21.56,22.44,1431538.0,0.16,0.86,0.05,1691.67,0.86,655625.9,118.35,0.19,True,67.82,0.2,-0.04,0.24,2025-09-17,21.96,2.19,0,,21.5,22.98,False,False
17-09-2025 16:00,TSPOR,1.28,1.3,1.27,1.3,182865818.0,0.0,0.02,0.0,900.0,0.02,54750847.9,234.0,0.0,True,65.24,0.01,0.0,0.01,2025-09-17,1.27,2.36,0,,1.26,ATH,False,False
17-09-2025 16:00,KOPOL,7.92,8.42,7.83,8.42,41005056.0,0.0,0.5,0.09,468.18,0.5,12244901.0,234.87,0.0,True,83.73,0.36,0.04,0.33,2025-09-17,7.66,9.92,1,8.42,6.8,ATH,False,False
17-09-2025 16:00,A1YEN,30.38,31.78,30.38,31.44,1801042.0,0.34,1.06,0.07,1506.06,1.06,249738.9,621.17,0.32,True,75.05,0.29,0.02,0.27,2025-09-17,30.62,2.68,0,,30.2,ATH,False,False
17-09-2025 15:00,AGHOL,27.44,27.82,27.42,27.76,813673.0,0.06,0.32,0.05,595.65,0.32,411451.7,97.76,0.19,True,73.23,0.27,-0.01,0.28,2025-09-17,27.46,1.09,0,,25.18,ATH,False,False
17-09-2025 14:00,USAK,3.96,4.07,3.96,4.05,20827111.0,0.02,0.09,0.0,4400.0,0.09,9196795.0,126.46,0.22,True,67.24,0.06,-0.01,0.07,2025-09-17,4.0,1.25,0,,3.95,4.14,False,False
17-09-2025 13:00,FENER,12.78,13.2,12.78,13.14,19819830.0,0.06,0.36,0.05,634.69,0.36,4917662.6,303.03,0.17,True,79.12,0.09,0.03,0.07,2025-09-17,12.75,3.06,0,,12.59,ATH,False,False
17-09-2025 13:00,PETUN,13.04,13.43,13.04,13.39,1033936.0,0.04,0.35,0.05,586.27,0.35,415120.5,149.07,0.11,True,74.23,0.17,0.04,0.13,2025-09-17,13.03,2.76,0,,11.89,ATH,False,False
17-09-2025 12:00,RYSAS,15.86,16.5,15.82,16.39,3897994.0,0.11,0.53,0.11,381.82,0.53,1239486.0,214.48,0.21,True,88.19,0.36,0.1,0.26,2025-09-17,15.45,6.08,0,,13.82,ATH,False,False
17-09-2025 12:00,MHRGY,4.77,4.94,4.73,4.92,4621672.0,0.02,0.15,0.04,265.85,0.15,2376635.6,94.46,0.13,True,75.13,0.05,0.03,0.02,2025-09-17,4.59,7.19,0,,4.5,ATH,False,False
17-09-2025 12:00,TDGYO,18.02,18.09,17.96,18.09,177910.0,0.0,0.07,0.01,1300.0,0.07,94410.4,88.44,0.0,True,59.84,0.1,-0.0,0.1,2025-09-17,18.01,0.44,0,,16.82,18.13,False,False
17-09-2025 11:00,SUWEN,11.35,11.76,11.32,11.76,3580239.0,0.0,0.41,0.07,477.46,0.41,1233578.6,190.23,0.0,True,85.31,0.26,0.06,0.2,2025-09-17,11.27,4.35,0,,9.99,ATH,False,False
17-09-2025 11:00,YAYLA,37.64,38.8,37.58,38.5,321455.0,0.3,0.86,0.18,388.64,0.86,92160.5,248.8,0.35,True,60.39,0.02,0.12,-0.1,2025-09-17,37.0,4.05,1,38.8,36.74,38.8,False,False
17-09-2025 11:00,ANHYT,88.3,89.9,87.6,89.8,405465.0,0.1,1.5,0.22,581.82,1.5,134623.2,201.19,0.07,True,80.06,1.13,0.12,1.01,2025-09-17,86.9,3.34,0,,85.7,ATH,False,False
17-09-2025 11:00,KIMMR,14.75,15.32,14.68,15.2,1472007.0,0.12,0.45,0.05,837.5,0.45,290240.5,407.17,0.27,True,74.84,0.21,0.04,0.17,2025-09-17,14.79,2.77,1,15.32,13.45,15.32,False,False
17-09-2025 11:00,ECILC,65.2,67.35,65.15,67.3,2066620.0,0.05,2.1,0.63,233.33,2.1,1046020.3,97.57,0.02,True,84.82,2.19,0.46,1.73,2025-09-17,65.0,3.54,0,,59.45,ATH,False,False
17-09-2025 10:00,QUAGR,10.97,11.75,10.97,11.6,58531743.0,0.15,0.63,0.15,320.0,0.63,17164011.8,241.01,0.24,True,88.71,0.43,0.1,0.33,2025-09-17,10.94,6.03,0,,9.1,ATH,False,False
17-09-2025 10:00,BAYRK,34.94,37.62,34.94,37.62,6646218.0,0.0,2.68,0.29,811.56,2.68,1029688.2,545.46,0.0,True,91.83,1.48,0.3,1.18,2025-09-17,34.2,10.0,1,37.62,28.18,ATH,False,False
17-09-2025 10:00,SAYAS,54.05,54.85,53.6,54.7,294205.0,0.15,0.65,0.05,1081.82,0.65,125373.5,134.66,0.23,True,74.39,0.92,0.02,0.9,2025-09-17,53.95,1.39,0,,52.6,55.1,False,False
17-09-2025 10:00,BSOKE,15.75,17.23,15.66,17.2,26249581.0,0.03,1.45,0.18,719.21,1.45,5715651.7,359.26,0.02,True,88.76,0.33,0.09,0.24,2025-09-17,15.74,9.28,0,,14.59,ATH,False,False
17-09-2025 10:00,HEKTS,4.0,4.08,4.0,4.07,52441327.0,0.01,0.07,0.0,3400.0,0.07,29470435.6,77.95,0.14,True,65.55,0.06,-0.0,0.06,2025-09-17,4.0,1.75,2,4.0,4.0,4.13,False,False
17-09-2025 10:00,HEDEF,28.72,30.06,28.0,30.06,1544503.0,0.0,1.34,0.13,900.0,1.34,249426.2,519.22,0.0,True,95.47,1.66,0.11,1.55,2025-09-17,27.34,9.95,1,30.06,21.6,ATH,False,False
17-09-2025 10:00,ODAS,5.9,6.05,5.9,6.02,11935235.0,0.03,0.12,0.01,700.0,0.12,4146915.1,187.81,0.25,True,76.25,0.14,0.01,0.13,2025-09-17,5.92,1.69,1,6.05,5.21,6.05,False,False
17-09-2025 10:00,FLAP,10.65,10.84,10.55,10.81,355278.0,0.03,0.16,0.01,1354.55,0.16,150534.9,136.01,0.19,True,66.16,0.08,0.01,0.08,2025-09-17,10.69,1.12,1,10.84,9.97,10.84,False,False
17-09-2025 10:00,EDIP,37.1,37.94,36.82,37.8,658549.0,0.14,0.7,0.05,1300.0,0.7,213387.0,208.62,0.2,True,68.15,0.41,0.06,0.35,2025-09-17,36.94,2.33,0,,33.74,ATH,False,False
17-09-2025 10:00,GUBRF,278.75,289.25,277.5,287.75,904650.0,1.5,9.0,1.27,605.88,9.0,242634.3,272.85,0.17,True,82.63,4.48,0.9,3.58,2025-09-17,278.5,3.32,0,,254.0,ATH,False,False
17-09-2025 10:00,AKSA,10.77,11.26,10.76,11.22,13366212.0,0.04,0.45,0.04,922.73,0.45,2322858.6,475.42,0.09,True,80.3,0.13,0.03,0.11,2025-09-17,10.78,4.08,1,11.26,10.63,11.26,False,False
17-09-2025 10:00,OZRDN,9.08,10.01,9.01,10.01,623995.0,0.0,0.93,0.1,848.98,0.93,140685.9,343.54,0.0,True,85.03,0.13,0.06,0.08,2025-09-17,9.1,10.0,1,10.01,8.49,ATH,False,False
17-09-2025 10:00,GEREL,20.38,21.98,20.32,21.72,5206569.0,0.26,1.34,0.14,871.01,1.34,817000.8,537.28,0.19,True,76.77,0.24,0.14,0.1,2025-09-17,20.26,7.21,1,21.98,18.49,21.98,False,False
17-09-2025 10:00,ASTOR,112.0,114.0,110.3,113.7,19027662.0,0.3,1.7,0.06,2733.33,1.7,4148797.4,358.63,0.18,True,39.52,-0.09,-0.74,0.65,2025-09-17,118.6,-4.13,2,110.3,110.3,121.1,False,False
17-09-2025 10:00,SUNTK,49.86,52.9,49.72,52.45,860747.0,0.45,2.59,0.19,1270.37,2.59,149559.9,475.52,0.17,True,70.09,0.38,0.02,0.36,2025-09-17,49.6,5.75,0,,49.6,ATH,False,False
16-09-2025 17:00,FORMT,3.84,3.91,3.81,3.89,20167427.0,0.02,0.05,0.01,525.0,0.05,7987006.1,152.5,0.4,True,69.31,0.02,0.01,0.01,2025-09-16,3.8,2.37,0,,3.77,3.97,False,False
16-09-2025 17:00,ARCLK,132.4,137.2,132.0,136.2,1510923.0,1.0,3.8,0.35,985.71,3.8,359089.5,320.77,0.26,True,77.17,2.18,0.19,1.99,2025-09-16,131.9,3.26,1,137.2,129.7,137.2,False,False
16-09-2025 17:00,GARAN,148.4,149.9,148.1,149.5,6796449.0,0.4,1.1,0.29,279.31,1.1,4109431.2,65.39,0.36,True,78.09,2.24,0.22,2.02,2025-09-16,146.3,2.19,1,149.9,134.7,149.9,False,False
16-09-2025 17:00,ENERY,10.88,11.08,10.85,11.03,20168148.0,0.05,0.15,0.0,14900.0,0.15,11790810.3,71.05,0.33,True,52.97,-0.02,-0.01,-0.01,2025-09-16,11.2,-1.52,0,,10.45,11.26,False,False
16-09-2025 16:00,GEDIK,7.13,7.22,7.13,7.2,1932038.0,0.02,0.07,0.02,366.67,0.07,975377.4,98.08,0.29,True,68.79,0.06,0.02,0.04,2025-09-16,7.08,1.69,0,,6.46,7.31,False,False
16-09-2025 16:00,KORDS,62.3,64.4,62.1,64.35,904463.0,0.05,2.05,0.38,439.47,2.05,450748.6,100.66,0.02,True,65.95,-0.05,0.5,-0.55,2025-09-16,60.0,7.25,0,,56.25,65.25,False,False
16-09-2025 16:00,DERHL,20.82,21.82,20.82,21.82,6815823.0,0.0,1.0,0.18,449.45,1.0,2908676.7,134.33,0.0,True,83.72,0.41,0.19,0.22,2025-09-16,19.84,9.98,0,,18.86,ATH,False,False
16-09-2025 16:00,MAKTK,21.7,22.24,21.7,22.16,1596761.0,0.08,0.46,0.04,945.45,0.46,873002.9,82.9,0.17,True,64.58,0.24,0.12,0.12,2025-09-16,21.46,3.26,0,,18.98,22.86,False,False
16-09-2025 15:00,BTCIM,4.38,4.66,4.38,4.59,204099136.0,0.07,0.21,0.02,854.55,0.21,45179065.2,351.76,0.33,True,70.92,0.03,0.02,0.01,2025-09-16,4.32,6.25,0,,4.09,ATH,False,False
16-09-2025 15:00,DERIM,45.24,46.3,45.24,46.28,218110.0,0.02,1.04,0.28,274.1,1.04,124336.5,75.42,0.02,True,81.86,1.02,0.3,0.72,2025-09-16,43.02,7.58,1,46.3,40.12,46.3,False,False
16-09-2025 15:00,YEOTK,36.48,37.1,36.48,37.02,1336498.0,0.08,0.54,0.11,390.91,0.54,686736.7,94.62,0.15,True,76.88,0.51,0.16,0.35,2025-09-16,35.74,3.58,0,,33.38,ATH,False,False
16-09-2025 15:00,YYLGD,10.86,11.0,10.86,10.96,2057232.0,0.04,0.1,0.03,222.58,0.1,1181572.7,74.11,0.4,True,78.43,0.16,0.05,0.11,2025-09-16,10.63,3.1,0,,9.79,ATH,False,False
16-09-2025 15:00,TAVHL,242.0,246.4,242.0,246.2,1232105.0,0.2,4.2,0.34,1135.29,4.2,337514.6,265.05,0.05,True,69.53,2.48,0.21,2.27,2025-09-16,244.8,0.57,0,,239.6,ATH,False,False
16-09-2025 15:00,THYAO,326.0,329.0,326.0,328.75,7103409.0,0.25,2.75,0.02,10900.0,2.75,3592117.8,97.75,0.09,True,63.81,2.8,-0.1,2.9,2025-09-16,331.75,-0.9,0,,310.25,332.5,False,False
16-09-2025 15:00,PETKM,17.92,18.07,17.9,18.03,13253239.0,0.04,0.11,0.01,1275.0,0.11,8645178.6,53.3,0.36,True,66.62,0.19,0.01,0.18,2025-09-16,18.0,0.17,0,,16.83,18.22,False,False
16-09-2025 15:00,TATEN,57.75,58.9,57.65,58.75,554886.0,0.15,1.0,0.28,263.64,1.0,230634.9,140.59,0.15,True,77.49,1.08,0.29,0.79,2025-09-16,55.85,5.19,0,,51.65,ATH,False,False
16-09-2025 15:00,TEZOL,15.07,15.27,15.06,15.25,1887320.0,0.02,0.18,0.01,1400.0,0.18,824557.7,128.89,0.11,True,66.91,0.07,0.02,0.05,2025-09-16,15.04,1.4,0,,14.85,ATH,False,False
16-09-2025 15:00,BRLSM,15.44,15.71,15.44,15.71,637509.0,0.0,0.27,0.05,440.0,0.27,336052.0,89.71,0.0,True,74.26,0.21,0.05,0.16,2025-09-16,15.25,3.02,0,,14.16,ATH,False,False
16-09-2025 14:00,ALFAS,45.86,46.8,45.84,46.64,418596.0,0.16,0.78,0.17,358.82,0.78,183215.5,128.47,0.21,True,70.65,0.43,0.25,0.18,2025-09-16,45.22,3.14,0,,42.3,ATH,False,False
16-09-2025 14:00,PENGD,10.83,11.46,10.77,11.31,6019188.0,0.15,0.48,0.08,485.37,0.48,2410019.1,149.76,0.31,True,76.49,0.33,0.04,0.29,2025-09-16,10.65,6.2,0,,9.25,ATH,False,False
16-09-2025 14:00,DARDL,2.64,2.8,2.62,2.79,23568364.0,0.01,0.15,0.02,614.29,0.15,5524437.5,326.62,0.07,True,80.74,0.05,0.02,0.03,2025-09-16,2.6,7.31,0,,2.34,ATH,False,False
16-09-2025 14:00,BERA,16.88,17.3,16.88,17.25,1726592.0,0.05,0.37,0.06,487.3,0.37,708066.8,143.85,0.14,True,73.11,0.19,0.09,0.1,2025-09-16,16.77,2.86,0,,15.61,ATH,False,False
16-09-2025 14:00,RGYAS,146.6,150.5,146.5,150.3,272283.0,0.2,3.7,0.64,478.12,3.7,111278.5,144.69,0.05,True,81.56,1.69,0.48,1.21,2025-09-16,144.5,4.01,0,,138.4,ATH,False,False
16-09-2025 14:00,SNICA,4.54,4.63,4.54,4.62,3404302.0,0.01,0.08,0.01,471.43,0.08,2009478.3,69.41,0.12,True,69.34,0.05,0.02,0.04,2025-09-16,4.52,2.21,0,,4.23,4.74,False,False
16-09-2025 14:00,BJKAS,2.17,2.21,2.16,2.21,11674062.0,0.0,0.04,0.01,344.44,0.04,7055902.1,65.45,0.0,True,71.51,0.03,0.01,0.02,2025-09-16,2.15,2.79,0,,2.01,ATH,False,False
16-09-2025 13:00,MAVI,40.96,42.04,40.94,41.86,3890520.0,0.18,0.9,0.05,1630.77,0.9,2402633.4,61.93,0.2,True,67.62,0.38,0.09,0.29,2025-09-16,40.94,2.25,0,,39.14,ATH,False,False
16-09-2025 13:00,BINHO,11.77,12.09,11.74,12.0,16832133.0,0.09,0.23,0.02,1110.53,0.23,8396194.9,100.47,0.39,True,68.91,0.19,0.11,0.08,2025-09-16,11.55,3.9,0,,10.01,12.14,False,False
16-09-2025 13:00,KOCMT,16.29,16.89,16.28,16.89,2518790.0,0.0,0.6,0.06,971.43,0.6,1203808.6,109.24,0.0,True,73.46,0.19,0.09,0.1,2025-09-16,16.17,4.45,0,,16.07,ATH,False,False
16-09-2025 13:00,MERCN,38.58,39.88,38.58,39.7,1175910.0,0.18,1.12,0.25,351.61,1.12,704658.5,66.88,0.16,True,63.94,0.2,0.43,-0.22,2025-09-16,37.24,6.61,0,,33.06,ATH,False,False
16-09-2025 12:00,SKBNK,7.7,7.88,7.66,7.84,16068174.0,0.04,0.14,0.02,723.53,0.14,9624677.1,66.95,0.29,True,68.1,0.1,0.04,0.06,2025-09-16,7.73,1.42,0,,6.78,ATH,False,False
16-09-2025 12:00,VSNMD,200.6,205.7,200.4,205.5,1633389.0,0.2,4.9,0.12,3983.33,4.9,821267.7,98.89,0.04,True,51.64,-1.41,0.23,-1.64,2025-09-16,202.0,1.73,0,,199.5,207.6,True,True
16-09-2025 11:00,ODINE,147.6,157.0,147.4,157.0,677846.0,0.0,9.4,1.1,754.55,9.4,156706.0,332.56,0.0,True,84.76,2.14,1.41,0.73,2025-09-16,143.9,9.1,0,,135.0,ATH,False,False
16-09-2025 10:00,SAFKR,20.24,22.14,20.24,21.98,9315288.0,0.16,1.74,0.18,888.64,1.74,1499732.5,521.13,0.09,True,80.02,0.19,0.14,0.05,2025-09-16,20.14,9.14,1,22.14,19.63,22.14,False,False
16-09-2025 10:00,TRCAS,35.96,38.0,35.9,37.92,966225.0,0.08,1.96,0.39,407.77,1.96,313442.4,208.26,0.04,True,75.85,0.32,0.26,0.05,2025-09-16,35.8,5.92,0,,33.34,ATH,False,False
16-09-2025 10:00,FONET,16.75,17.72,16.75,17.59,4639384.0,0.13,0.84,0.21,303.85,0.84,975005.0,375.83,0.15,True,85.36,0.32,0.16,0.16,2025-09-16,16.74,5.08,0,,15.34,ATH,False,False
16-09-2025 10:00,KRONT,17.67,19.1,17.66,19.04,3177463.0,0.06,1.37,0.23,487.98,1.37,828603.7,283.47,0.04,True,79.76,0.25,0.22,0.04,2025-09-16,17.49,8.86,0,,15.9,ATH,False,False
16-09-2025 10:00,DITAS,37.1,39.16,37.1,38.6,753059.0,0.56,1.5,0.19,697.87,1.5,142054.7,430.12,0.37,True,76.53,0.36,0.19,0.18,2025-09-16,36.9,4.61,0,,35.06,ATH,False,False
16-09-2025 10:00,PATEK,31.9,34.98,31.82,34.88,26503005.0,0.1,2.98,0.48,526.05,2.98,6293356.2,321.13,0.03,True,81.68,0.54,0.38,0.16,2025-09-16,31.8,9.69,1,34.98,29.0,34.98,False,False
15-09-2025 17:00,CEMAS,7.53,7.83,7.41,7.83,36194683.0,0.0,0.3,0.06,368.75,0.3,13947655.6,159.5,0.0,True,68.78,0.13,0.06,0.07,2025-09-15,7.12,9.97,0,,7.04,ATH,False,False
15-09-2025 11:00,SEGYO,4.7,4.92,4.66,4.89,4914519.0,0.03,0.19,0.02,726.09,0.19,1005311.9,388.86,0.16,True,66.35,0.02,0.02,-0.01,2025-09-15,4.77,2.52,0,,4.55,ATH,False,False
15-09-2025 11:00,SOKM,34.8,36.52,34.36,36.14,3043812.0,0.38,1.34,0.09,1388.89,1.34,824842.6,269.02,0.28,True,59.16,-0.15,0.0,-0.15,2025-09-15,35.1,2.96,2,34.36,34.36,37.5,True,True
15-09-2025 11:00,ZEDUR,8.32,8.7,8.28,8.65,743187.0,0.05,0.33,0.03,1037.93,0.33,174936.0,324.83,0.15,True,57.7,-0.06,0.02,-0.08,2025-09-15,8.32,3.97,0,,8.26,8.82,True,False
15-09-2025 11:00,TKNSA,24.6,26.26,24.44,26.14,1415936.0,0.12,1.54,0.17,827.71,1.54,388005.5,264.93,0.08,True,65.1,-0.07,0.04,-0.11,2025-09-15,24.9,4.98,0,,24.36,26.2,False,False
15-09-2025 11:00,TNZTP,24.34,25.6,24.0,25.46,629090.0,0.14,1.12,0.08,1373.68,1.12,194862.0,222.84,0.13,True,75.07,2.01,-0.56,2.57,2025-09-15,24.94,2.09,2,24.0,24.0,26.62,False,False
15-09-2025 11:00,TOASO,240.8,253.0,238.7,251.25,2745267.0,1.75,10.45,1.17,797.0,10.45,696548.7,294.12,0.17,True,74.58,1.19,0.49,0.7,2025-09-15,240.5,4.47,0,,238.4,ATH,False,False
15-09-2025 11:00,XBANK,15105.59,15914.8,14833.84,15844.16,839821619.0,70.64,738.57,94.63,680.47,738.57,178179817.8,371.33,0.1,True,74.33,60.79,49.94,10.85,2025-09-15,15048.18,5.29,0,,14681.54,15848.39,False,False
15-09-2025 11:00,VESTL,36.52,38.48,36.16,38.06,2729381.0,0.42,1.54,0.14,969.44,1.54,591406.5,361.51,0.27,True,65.74,0.02,0.06,-0.05,2025-09-15,36.92,3.09,2,36.16,36.16,ATH,False,False
15-09-2025 11:00,YUNSA,7.64,8.13,7.57,8.11,5604666.0,0.02,0.47,0.04,1019.05,0.47,1429252.0,292.14,0.04,True,63.95,-0.08,0.04,-0.13,2025-09-15,7.69,5.46,0,,7.5,8.25,True,False
15-09-2025 11:00,VBTYZ,20.84,21.82,20.66,21.76,765117.0,0.06,0.92,0.1,838.78,0.92,302984.6,152.53,0.07,True,77.31,0.19,0.07,0.12,2025-09-15,20.66,5.32,0,,19.72,ATH,False,False
15-09-2025 11:00,TUREX,8.19,8.53,8.1,8.51,12412669.0,0.02,0.32,0.02,1782.35,0.32,3885001.2,219.5,0.06,True,56.28,-0.1,0.01,-0.11,2025-09-15,8.21,3.65,2,8.1,8.1,8.79,True,True
15-09-2025 11:00,ULKER,103.0,107.9,101.5,107.0,3816877.0,0.9,4.0,0.44,809.09,4.0,763065.6,400.2,0.23,True,74.39,0.22,0.33,-0.11,2025-09-15,103.0,3.88,0,,100.8,ATH,False,False
15-09-2025 11:00,ULUFA,3.82,4.1,3.81,4.08,9106885.0,0.02,0.26,0.02,1030.43,0.26,3095306.2,194.22,0.08,True,61.79,-0.09,0.04,-0.13,2025-09-15,3.83,6.53,0,,3.71,ATH,True,False
15-09-2025 11:00,VAKBN,26.66,27.8,25.98,27.76,12520159.0,0.04,1.1,0.15,633.33,1.1,3194634.0,291.91,0.04,True,72.45,0.07,0.08,-0.02,2025-09-15,26.62,4.28,2,25.98,25.98,27.78,False,False
15-09-2025 11:00,A1CAP,8.8,9.29,8.72,9.25,3952612.0,0.04,0.45,0.04,971.43,0.45,1014798.9,289.5,0.09,True,67.47,-0.03,0.02,-0.05,2025-09-15,8.76,5.59,2,8.72,8.72,9.3,False,False
15-09-2025 11:00,INVEO,11.05,11.77,10.94,11.6,3769350.0,0.17,0.55,0.04,1179.07,0.55,938136.7,301.79,0.31,True,55.45,-0.14,0.04,-0.18,2025-09-15,11.2,3.57,2,10.94,10.94,11.9,True,True
15-09-2025 11:00,HALKB,24.14,25.34,23.84,25.18,19383698.0,0.16,1.04,0.12,738.71,1.04,4288895.4,351.95,0.15,True,70.87,-0.0,0.1,-0.1,2025-09-15,24.1,4.48,0,,23.38,ATH,False,False
15-09-2025 11:00,BRSAN,424.25,443.5,420.5,441.0,502360.0,2.5,16.75,1.18,1325.53,16.75,137170.8,266.23,0.15,True,55.01,-5.24,0.14,-5.38,2025-09-15,425.5,3.64,0,,420.0,452.75,True,True
15-09-2025 11:00,RUBNS,21.54,22.38,21.42,22.32,536716.0,0.06,0.78,0.06,1244.83,0.78,112154.8,378.55,0.08,True,57.96,-0.14,0.02,-0.16,2025-09-15,21.66,3.05,2,21.42,21.42,23.32,True,True
15-09-2025 11:00,GLYHO,8.61,9.06,8.55,9.02,4746684.0,0.04,0.41,0.03,1313.79,0.41,1134502.2,318.39,0.1,True,58.05,-0.06,0.02,-0.09,2025-09-15,8.71,3.56,2,8.55,8.55,9.13,True,True
15-09-2025 11:00,EUPWR,26.22,27.88,26.1,27.58,2219315.0,0.3,1.36,0.15,818.92,1.36,570670.9,288.9,0.22,True,68.1,-0.07,0.08,-0.15,2025-09-15,26.38,4.55,0,,25.8,27.72,False,False
15-09-2025 11:00,ENSRI,96.45,101.9,96.1,100.8,233873.0,1.1,4.35,0.56,669.91,4.35,116568.5,100.63,0.25,True,56.74,0.67,-0.3,0.97,2025-09-15,96.0,5.0,0,,94.0,107.0,False,False
15-09-2025 11:00,EKSUN,6.32,6.57,6.3,6.55,1814793.0,0.02,0.23,0.02,1110.53,0.23,678092.8,167.63,0.09,True,59.07,-0.02,0.01,-0.02,2025-09-15,6.4,2.34,0,,6.28,6.67,True,True
15-09-2025 11:00,EKOS,23.1,24.5,22.94,24.22,1076134.0,0.28,1.12,0.09,1144.44,1.12,248212.8,333.55,0.25,True,60.14,-0.29,0.08,-0.38,2025-09-15,23.2,4.4,2,22.94,22.94,ATH,True,True
15-09-2025 11:00,EFORC,118.2,123.1,117.6,122.5,285334.0,0.6,4.3,0.18,2288.89,4.3,69638.0,309.74,0.14,True,62.29,-0.68,0.24,-0.92,2025-09-15,118.0,3.81,0,,117.0,124.1,True,True
15-09-2025 11:00,EDATA,4.67,4.92,4.63,4.88,3066184.0,0.04,0.21,0.02,1212.5,0.21,731873.1,318.95,0.19,True,52.38,-0.07,0.01,-0.08,2025-09-15,4.76,2.52,2,4.63,4.63,5.03,True,True
15-09-2025 11:00,DURDO,3.7,3.87,3.67,3.87,1551624.0,0.0,0.17,0.02,844.44,0.17,457884.2,238.87,0.0,True,59.08,-0.05,0.02,-0.08,2025-09-15,3.7,4.59,0,,3.63,ATH,True,False
15-09-2025 11:00,DOAS,168.8,176.8,167.4,174.9,1080471.0,1.9,6.1,0.54,1029.63,6.1,256176.7,321.77,0.31,True,67.92,-0.14,0.29,-0.43,2025-09-15,169.6,3.13,2,167.4,167.4,ATH,False,False
15-09-2025 11:00,DGNMO,6.38,6.68,6.31,6.61,1068794.0,0.07,0.23,0.04,505.26,0.23,264438.4,304.18,0.3,True,63.37,-0.03,0.03,-0.06,2025-09-15,6.31,4.75,0,,6.22,6.63,False,False
15-09-2025 11:00,CIMSA,43.76,46.1,43.26,45.82,4847423.0,0.28,2.06,0.21,900.0,2.06,1220087.8,297.3,0.14,True,64.55,-0.15,0.09,-0.23,2025-09-15,44.08,3.95,0,,43.24,46.08,True,True
15-09-2025 11:00,CGCAM,36.84,39.22,36.58,39.22,2305084.0,0.0,2.38,0.23,953.1,2.38,673851.4,242.08,0.0,True,57.53,-0.64,0.24,-0.88,2025-09-15,37.44,4.75,0,,36.46,39.7,True,True
15-09-2025 11:00,CCOLA,45.56,47.24,45.14,46.94,4309238.0,0.3,1.38,0.12,1089.66,1.38,1074199.0,301.16,0.22,True,66.13,-0.11,0.11,-0.22,2025-09-15,45.74,2.62,2,45.14,45.14,ATH,True,False
15-09-2025 11:00,BRKVY,76.6,81.6,75.9,80.6,428280.0,1.0,4.0,0.2,1900.0,4.0,119780.2,257.55,0.25,True,53.91,-1.04,0.08,-1.12,2025-09-15,78.0,3.33,2,75.9,75.9,84.5,True,True
15-09-2025 11:00,HOROZ,54.15,56.55,53.9,56.3,243382.0,0.25,2.15,0.15,1287.1,2.15,64859.2,275.25,0.12,True,58.75,-0.2,0.01,-0.21,2025-09-15,54.65,3.02,2,53.9,53.9,56.6,False,False
15-09-2025 11:00,BLCYT,22.32,22.96,22.28,22.9,480437.0,0.06,0.58,0.04,1426.32,0.58,183798.4,161.39,0.1,True,57.75,-0.01,0.05,-0.06,2025-09-15,22.5,1.78,0,,21.88,23.08,False,False
15-09-2025 11:00,BIOEN,23.46,24.46,23.32,24.4,1148125.0,0.06,0.94,0.08,1046.34,0.94,481917.1,138.24,0.06,True,64.42,-0.01,0.03,-0.04,2025-09-15,23.68,3.04,0,,23.28,ATH,False,False
15-09-2025 11:00,BESLR,13.27,13.98,13.2,13.91,2145753.0,0.07,0.64,0.05,1291.3,0.64,584526.3,267.09,0.11,True,54.34,-0.24,0.08,-0.32,2025-09-15,13.5,3.04,2,13.2,13.2,ATH,True,False
15-09-2025 11:00,BEGYO,6.76,7.15,6.7,7.11,7155200.0,0.04,0.35,0.02,1566.67,0.35,2097281.1,241.17,0.11,True,54.54,-0.11,0.03,-0.14,2025-09-15,6.83,4.1,0,,6.7,7.46,True,True
15-09-2025 11:00,BALSU,21.78,22.98,21.6,22.7,3525807.0,0.28,0.92,0.11,767.92,0.92,1126913.4,212.87,0.3,True,59.28,-0.15,0.12,-0.27,2025-09-15,21.94,3.46,0,,21.04,ATH,False,False
15-09-2025 11:00,AVHOL,43.9,46.0,42.0,45.76,741012.0,0.24,1.86,0.16,1092.31,1.86,175990.9,321.05,0.13,True,63.04,-0.21,0.07,-0.28,2025-09-15,44.2,3.53,2,42.0,42.0,46.92,True,True
15-09-2025 11:00,ARENA,29.9,31.4,29.68,31.2,590151.0,0.2,1.3,0.06,2221.43,1.3,177591.8,232.31,0.15,True,56.05,-0.33,0.06,-0.39,2025-09-15,30.06,3.79,2,29.68,29.68,31.9,True,True
15-09-2025 11:00,ALKIM,16.67,17.48,16.55,17.35,601020.0,0.13,0.68,0.05,1260.0,0.68,125950.7,377.19,0.19,True,61.87,-0.03,0.0,-0.04,2025-09-15,16.82,3.15,2,16.55,16.55,17.67,True,True
15-09-2025 11:00,ALBRK,7.9,8.38,7.8,8.31,14045686.0,0.07,0.41,0.04,1008.11,0.41,3428779.1,309.64,0.17,True,62.72,-0.02,0.02,-0.04,2025-09-15,7.99,4.01,2,7.8,7.8,8.47,False,False
15-09-2025 11:00,ALARK,77.95,81.65,77.15,81.0,2182561.0,0.65,3.05,0.32,853.12,3.05,553837.7,294.08,0.21,True,69.85,-0.13,0.15,-0.29,2025-09-15,78.1,3.71,0,,77.0,81.25,True,True
15-09-2025 11:00,AKSEN,37.16,38.7,36.62,38.28,2449932.0,0.42,1.12,0.13,748.48,1.12,660277.3,271.05,0.38,True,70.85,0.37,0.1,0.27,2025-09-15,37.48,2.13,0,,36.14,ATH,False,False
15-09-2025 11:00,AKBNK,62.45,66.0,61.15,65.4,92527902.0,0.6,2.95,0.44,578.16,2.95,20219164.8,357.62,0.2,True,72.8,0.12,0.26,-0.14,2025-09-15,62.0,5.48,0,,60.3,65.5,False,False
15-09-2025 11:00,AFYON,12.66,13.11,12.58,13.04,1868795.0,0.07,0.38,0.03,1307.41,0.38,385752.0,384.46,0.18,True,56.11,-0.11,0.02,-0.12,2025-09-15,12.76,2.19,2,12.58,12.58,13.32,True,True
15-09-2025 11:00,ADEL,32.54,35.14,32.42,34.5,1660762.0,0.64,1.96,0.05,3669.23,1.96,483313.9,243.62,0.33,True,59.65,0.04,-0.01,0.05,2025-09-15,33.42,3.23,3,,32.42,35.08,False,False
15-09-2025 11:00,HATSN,50.1,53.5,49.64,52.65,701828.0,0.85,2.55,0.1,2328.57,2.55,173518.5,304.47,0.33,True,55.92,-0.53,0.04,-0.57,2025-09-15,51.05,3.13,2,49.64,49.64,54.3,True,True
15-09-2025 11:00,ZOREN,3.38,3.57,3.36,3.54,22218016.0,0.03,0.16,0.01,1042.86,0.16,7674758.8,189.49,0.19,True,60.71,-0.03,0.01,-0.04,2025-09-15,3.41,3.81,0,,3.34,3.64,True,True
15-09-2025 11:00,HURGZ,7.69,8.11,7.68,8.03,2345208.0,0.08,0.34,0.02,2025.0,0.34,957527.6,144.92,0.24,True,60.71,-0.06,0.03,-0.08,2025-09-15,7.52,6.78,0,,7.42,8.6,True,False
15-09-2025 11:00,ONRYT,78.7,83.75,78.2,83.6,240934.0,0.15,4.9,0.42,1052.94,4.9,99178.2,142.93,0.03,True,64.08,-0.72,0.2,-0.92,2025-09-15,79.1,5.69,2,78.2,78.2,84.75,True,True
15-09-2025 11:00,MOBTL,6.94,7.3,6.84,7.24,2594651.0,0.06,0.3,0.03,1053.85,0.3,656171.5,295.42,0.2,True,62.4,-0.02,0.01,-0.03,2025-09-15,7.0,3.43,2,6.84,6.84,7.28,True,True
15-09-2025 11:00,MOPAS,30.34,31.8,30.22,31.54,845727.0,0.26,1.2,0.07,1718.18,1.2,256189.8,230.12,0.22,True,55.62,-0.29,0.06,-0.36,2025-09-15,30.7,2.74,2,30.22,30.22,32.0,True,True
15-09-2025 11:00,MPARK,347.5,357.0,345.75,355.75,331029.0,1.25,8.25,0.7,1078.57,8.25,89248.3,270.91,0.15,True,64.09,1.6,0.35,1.25,2025-09-15,348.5,2.08,0,,341.75,ATH,False,False
15-09-2025 11:00,NETAS,70.45,74.1,69.95,74.1,391398.0,0.0,3.65,0.56,551.79,3.65,156633.2,149.88,0.0,True,67.34,-0.57,0.64,-1.21,2025-09-15,70.5,5.11,0,,67.1,76.85,False,False
15-09-2025 11:00,NTHOL,46.12,48.2,45.7,47.84,963098.0,0.36,1.72,0.16,975.0,1.72,295101.4,226.36,0.21,True,57.08,-0.37,0.11,-0.48,2025-09-15,46.8,2.22,2,45.7,45.7,48.78,True,False
15-09-2025 11:00,OBAMS,42.24,44.12,41.96,43.78,2411781.0,0.34,1.54,0.04,3750.0,1.54,700183.3,244.45,0.22,True,46.64,-0.82,0.01,-0.83,2025-09-15,42.58,2.82,2,41.96,41.96,ATH,False,False
15-09-2025 11:00,OSMEN,8.67,9.17,8.6,9.06,999990.0,0.11,0.39,0.04,900.0,0.39,303964.5,228.98,0.28,True,58.07,-0.09,0.02,-0.12,2025-09-15,8.71,4.02,2,8.6,8.6,9.33,True,True
15-09-2025 11:00,INDES,7.38,7.86,7.33,7.79,2264246.0,0.07,0.41,0.03,1266.67,0.41,619222.1,265.66,0.17,True,62.3,-0.05,0.01,-0.06,2025-09-15,7.48,4.14,2,7.33,7.33,7.94,True,True
15-09-2025 11:00,PEKGY,6.94,7.14,6.9,7.13,55263724.0,0.01,0.19,0.02,804.76,0.19,31002463.2,78.26,0.05,True,52.73,-0.07,0.02,-0.09,2025-09-15,7.0,1.86,2,6.9,6.9,7.31,True,True
15-09-2025 11:00,PGSUS,220.9,230.6,218.0,227.9,10649607.0,2.7,7.0,0.71,885.92,7.0,2250756.1,373.16,0.39,True,67.3,0.44,0.38,0.06,2025-09-15,222.6,2.38,2,218.0,218.0,ATH,False,False
15-09-2025 11:00,PLTUR,25.26,26.24,25.0,26.02,953158.0,0.22,0.76,0.15,400.0,0.76,296420.5,221.56,0.29,True,68.52,-0.1,0.13,-0.23,2025-09-15,24.76,5.09,0,,24.32,ATH,False,False
15-09-2025 11:00,PNSUT,13.03,13.67,12.95,13.55,740944.0,0.12,0.52,0.05,983.33,0.52,259398.6,185.64,0.23,True,50.94,-0.25,0.06,-0.31,2025-09-15,13.13,3.2,2,12.95,12.95,14.31,True,True
15-09-2025 11:00,RALYH,125.1,129.9,124.0,129.2,251107.0,0.7,4.1,0.51,703.92,4.1,139775.7,79.65,0.17,True,63.86,0.76,0.07,0.69,2025-09-15,125.5,2.95,0,,122.2,131.8,False,False
15-09-2025 11:00,RTALB,3.32,3.51,3.28,3.46,11864157.0,0.05,0.14,0.02,775.0,0.14,3025686.8,292.11,0.36,True,50.99,-0.06,0.01,-0.07,2025-09-15,3.38,2.37,2,3.28,3.28,3.63,True,False
15-09-2025 11:00,METRO,3.81,4.06,3.78,4.03,4164937.0,0.03,0.22,0.02,947.62,0.22,1478680.7,181.67,0.14,True,59.55,-0.06,0.01,-0.07,2025-09-15,3.77,6.9,0,,3.77,4.13,True,True
15-09-2025 11:00,MERIT,21.88,22.9,21.74,22.86,1016294.0,0.04,0.98,0.12,716.67,0.98,249066.4,308.04,0.04,True,73.13,0.02,0.1,-0.07,2025-09-15,21.88,4.48,0,,21.48,ATH,False,False
15-09-2025 11:00,JANTS,21.72,22.68,21.62,22.58,2489928.0,0.1,0.86,0.07,1062.16,0.86,639359.5,289.44,0.12,True,54.37,-0.32,0.07,-0.39,2025-09-15,21.94,2.92,2,21.62,21.62,25.56,True,True
15-09-2025 11:00,ISCTR,14.12,15.01,13.8,14.9,450386571.0,0.11,0.78,0.1,672.28,0.78,87811123.6,412.9,0.14,True,77.67,0.14,0.05,0.09,2025-09-15,13.95,6.81,0,,13.54,ATH,False,False
15-09-2025 11:00,LILAK,27.6,29.24,27.46,28.9,2384667.0,0.34,1.3,0.11,1081.82,1.3,596541.0,299.75,0.26,True,49.04,-0.66,0.1,-0.76,2025-09-15,28.1,2.85,2,27.46,27.46,ATH,True,True
15-09-2025 11:00,KZGYO,22.9,23.92,22.74,23.8,455541.0,0.12,0.9,0.09,857.45,0.9,124750.0,265.16,0.13,True,63.76,-0.13,0.05,-0.18,2025-09-15,22.92,3.84,2,22.74,22.74,24.14,True,True
15-09-2025 11:00,ISKPL,7.49,8.07,7.45,8.03,5370251.0,0.04,0.54,0.07,718.18,0.54,1374167.7,290.8,0.07,True,77.89,0.09,0.04,0.05,2025-09-15,7.4,8.51,0,,7.38,ATH,False,False
15-09-2025 11:00,ISSEN,8.33,8.7,8.28,8.63,390568.0,0.07,0.3,0.04,614.29,0.3,124393.5,213.98,0.23,True,56.14,-0.06,-0.01,-0.05,2025-09-15,8.44,2.25,0,,8.18,8.89,False,False
15-09-2025 11:00,IZFAS,140.5,144.2,139.8,143.9,195594.0,0.3,3.4,0.25,1260.0,3.4,73368.3,166.59,0.09,True,55.9,0.09,0.17,-0.09,2025-09-15,143.5,0.28,1,144.2,136.4,144.2,False,False
15-09-2025 11:00,IZMDC,7.18,7.49,7.09,7.44,5634155.0,0.05,0.26,0.02,1081.82,0.26,3199422.9,76.1,0.19,True,44.74,-0.19,0.01,-0.2,2025-09-15,7.3,1.92,0,,6.99,8.69,True,True
15-09-2025 11:00,KFEIN,9.2,9.69,9.14,9.65,1671927.0,0.04,0.45,0.04,1116.22,0.45,651369.1,156.68,0.09,True,51.74,-0.18,0.01,-0.19,2025-09-15,9.27,4.1,2,9.14,9.14,10.28,True,True
15-09-2025 11:00,LMKDC,26.38,27.82,26.26,27.62,1435552.0,0.2,1.24,0.14,798.55,1.24,430556.1,233.42,0.16,True,66.49,-0.16,0.09,-0.25,2025-09-15,26.48,4.31,0,,25.8,27.92,True,True
12-09-2025 17:00,CEMZY,30.32,32.66,30.3,32.12,2566199.0,0.54,1.8,0.05,3233.33,1.8,609693.9,320.9,0.3,True,65.19,0.34,0.18,0.16,2025-09-12,30.5,5.31,0,,28.82,ATH,False,False
11-09-2025 10:00,SAMAT,7.42,8.3,7.28,8.07,11507355.15,0.23,0.64,0.02,3860.0,0.64,3243653.07,254.77,0.36,True,47.68,,,,2025-09-11,7.73,4.38,3,,ATL,8.74,False,False
11-09-2025 10:00,KARSN,11.1,11.46,11.1,11.46,5364361.0,0.0,0.36,0.01,7100.0,0.36,1823795.4,194.13,0.0,True,54.27,,,,2025-09-11,11.09,3.34,0,,11.03,ATH,False,False
10-09-2025 17:00,DOKTA,32.74,33.78,32.04,33.72,869020.0,0.06,0.98,0.09,965.22,0.98,554593.1,56.7,0.06,True,77.1,,,,2025-09-10,32.2,4.72,0,,ATL,ATH,False,False
10-09-2025 17:00,CANTE,2.24,2.47,2.23,2.43,458777436.0,0.04,0.19,0.01,1361.54,0.19,71779925.3,539.14,0.21,True,78.59,,,,2025-09-10,2.26,7.52,0,,2.21,ATH,False,False
10-09-2025 15:00,PASEU,121.4,123.2,121.1,122.9,336155.0,0.3,1.5,0.41,265.85,1.5,183334.1,83.36,0.2,True,77.44,,,,2025-09-10,120.5,1.99,0,,ATL,ATH,False,False
10-09-2025 15:00,BEYAZ,32.26,35.6,32.1,35.6,1696431.0,0.0,3.34,0.09,3783.72,3.34,647785.8,161.88,0.0,True,56.09,-0.48,-0.23,-0.24,2025-09-10,33.8,5.33,0,,32.04,39.12,False,False
10-09-2025 13:00,KLSYN,6.06,6.4,6.05,6.34,1779687.0,0.06,0.28,0.03,865.52,0.28,470938.5,277.9,0.21,True,77.31,,,,2025-09-10,6.07,4.45,0,,ATL,ATH,False,False
10-09-2025 13:00,TURGG,32.7,36.78,32.64,36.52,1294191.0,0.26,3.82,0.16,2348.72,3.82,252421.7,412.71,0.07,True,64.5,,,,2025-09-10,33.5,9.01,2,32.64,32.64,ATH,False,False
10-09-2025 10:00,KRDMA,35.92,36.7,35.82,36.7,1170704.0,0.0,0.78,0.01,7700.0,0.78,410685.1,185.06,0.0,True,,,,,2025-09-10,35.8,2.51,0,,35.54,ATH,False,False
03-09-2025 11:00,GRNYO,12.8,14.17,12.78,14.17,638149.0,0.0,1.37,0.12,1061.02,1.37,178956.6,256.59,0.0,True,67.28,,,,2025-09-03,12.89,9.93,0,,11.97,ATH,False,False
